SubNo,source,schema,face,village,ability_pct,warmth_pct,actual_ability,actual_warmth,projected_ability,projected_warmth,true_ability,true_warmth,delta_ability,delta_warmth,euclidean_error
2,MRtask-2-2026-03-29.mat,warmth_ability,1,1,29.130434782608695,47.3469387755102,67.0,232.0,2.913043478260869,4.73469387755102,2.416,4.788,0.49704347826086925,-0.05330612244897992,0.49989375068329156
2,MRtask-2-2026-03-29.mat,warmth_ability,2,1,36.52173913043478,73.87755102040816,84.0,362.0,3.6521739130434785,7.387755102040816,2.789,7.765,0.8631739130434783,-0.3772448979591836,0.942010040920491
2,MRtask-2-2026-03-29.mat,warmth_ability,3,2,70.43478260869566,87.55102040816325,162.0,428.99999999999994,7.043478260869565,8.755102040816325,6.426,8.527,0.6174782608695653,0.22810204081632612,0.6582628226408322
2,MRtask-2-2026-03-29.mat,warmth_ability,4,2,89.13043478260869,62.857142857142854,205.0,308.0,8.91304347826087,6.285714285714286,8.817,6.716,0.09604347826086901,-0.4302857142857146,0.44087429686341845
2,MRtask-2-2026-03-29.mat,warmth_ability,5,3,56.95652173913044,23.46938775510204,131.0,115.0,5.695652173913044,2.3469387755102042,4.894,2.02,0.8016521739130438,0.3269387755102042,0.8657569929672071
2,MRtask-2-2026-03-29.mat,warmth_ability,6,3,79.56521739130434,30.612244897959183,183.0,150.0,7.956521739130435,3.0612244897959187,7.659,3.185,0.2975217391304348,-0.1237755102040814,0.32224146564568495
6,MRtask-6-2026-03-29.mat,warmth_ability,1,1,34.464285714285715,48.62068965517241,96.5,141.0,3.446428571428571,4.862068965517241,2.416,4.788,1.0304285714285712,0.07406896551724085,1.033087243396762
6,MRtask-6-2026-03-29.mat,warmth_ability,2,1,21.964285714285715,70.0,61.5,203.0,2.196428571428571,7.0,2.789,7.765,-0.592571428571429,-0.7649999999999997,0.967660011553223
6,MRtask-6-2026-03-29.mat,warmth_ability,3,2,63.39285714285714,83.44827586206897,177.5,242.0,6.3392857142857135,8.344827586206897,6.426,8.527,-0.08671428571428663,-0.18217241379310245,0.20175766576302442
6,MRtask-6-2026-03-29.mat,warmth_ability,4,2,86.60714285714286,60.3448275862069,242.5,175.0,8.660714285714286,6.0344827586206895,8.817,6.716,-0.1562857142857137,-0.6815172413793107,0.6992073903979144
6,MRtask-6-2026-03-29.mat,warmth_ability,5,3,49.82142857142857,20.689655172413794,139.5,60.0,4.982142857142858,2.0689655172413794,4.894,2.02,0.08814285714285752,0.04896551724137943,0.10083047725773203
6,MRtask-6-2026-03-29.mat,warmth_ability,6,3,78.39285714285714,30.344827586206897,219.5,88.0,7.839285714285714,3.0344827586206895,7.659,3.185,0.1802857142857146,-0.15051724137931055,0.23485820983722913
8,MRtask-8-2025-07-19.mat,warmth_ability,1,3,16.51270207852194,49.6551724137931,71.5,216.0,1.651270207852194,4.9655172413793105,2.416,4.788,-0.764729792147806,0.17751724137931024,0.7850630713422628
8,MRtask-8-2025-07-19.mat,warmth_ability,2,1,28.060046189376443,82.06896551724138,121.5,357.0,2.806004618937644,8.206896551724137,2.789,7.765,0.017004618937643823,0.44189655172413733,0.4422236080207587
8,MRtask-8-2025-07-19.mat,warmth_ability,3,2,75.4041570438799,87.58620689655172,326.5,380.99999999999994,7.540415704387991,8.75862068965517,6.426,8.527,1.1144157043879908,0.23162068965517157,1.138231306045884
8,MRtask-8-2025-07-19.mat,warmth_ability,4,2,87.87528868360278,76.0919540229885,380.5,331.0,8.787528868360276,7.609195402298851,8.817,6.716,-0.029471131639724035,0.8931954022988506,0.8936814724989723
8,MRtask-8-2025-07-19.mat,warmth_ability,5,3,49.07621247113164,15.632183908045977,212.5,68.0,4.907621247113164,1.5632183908045976,4.894,2.02,0.013621247113164259,-0.45678160919540245,0.45698465715170267
8,MRtask-8-2025-07-19.mat,warmth_ability,6,1,82.5635103926097,22.06896551724138,357.5,96.00000000000001,8.25635103926097,2.2068965517241383,7.659,3.185,0.5973510392609702,-0.9781034482758617,1.1460866545053618
9,MRtask-9-2025-11-25.mat,legacy_xy,1,1,24.897959183673468,40.0,122.0,160.0,2.4897959183673466,4.0,2.416,4.788,0.07379591836734667,-0.7880000000000003,0.7914479373702862
9,MRtask-9-2025-11-25.mat,legacy_xy,2,1,29.795918367346943,58.77551020408164,146.0,235.10204081632656,2.979591836734694,5.877551020408164,2.789,7.765,0.19059183673469393,-1.887448979591836,1.8970474160632274
9,MRtask-9-2025-11-25.mat,legacy_xy,3,2,81.63265306122449,72.6530612244898,400.0,290.6122448979592,8.16326530612245,7.26530612244898,6.426,8.527,1.737265306122449,-1.2616938775510196,2.147082249124717
9,MRtask-9-2025-11-25.mat,legacy_xy,4,2,93.46938775510203,55.714285714285715,457.99999999999994,222.85714285714286,9.346938775510203,5.571428571428571,8.817,6.716,0.5299387755102032,-1.144571428571429,1.2613004641604217
9,MRtask-9-2025-11-25.mat,legacy_xy,5,3,49.795918367346935,25.510204081632654,244.0,102.04081632653062,4.979591836734693,2.5510204081632653,4.894,2.02,0.08559183673469306,0.5310204081632652,0.5378741826872704
9,MRtask-9-2025-11-25.mat,legacy_xy,6,3,84.28571428571429,30.408163265306122,413.00000000000006,121.63265306122449,8.42857142857143,3.040816326530612,7.659,3.185,0.7695714285714308,-0.1441836734693882,0.7829617585607869
10,MRtask-10-2026-03-29.mat,warmth_ability,1,1,24.47058823529412,48.80952380952381,208.0,410.0,2.447058823529412,4.8809523809523805,2.416,4.788,0.031058823529412027,0.09295238095238023,0.09800405932280344
10,MRtask-10-2026-03-29.mat,warmth_ability,2,1,31.76470588235294,73.21428571428571,270.0,615.0,3.176470588235294,7.321428571428571,2.789,7.765,0.3874705882352938,-0.4435714285714285,0.588972893257663
10,MRtask-10-2026-03-29.mat,warmth_ability,3,2,59.411764705882355,83.21428571428572,505.0,699.0,5.9411764705882355,8.321428571428571,6.426,8.527,-0.48482352941176465,-0.20557142857142807,0.52660560851189
10,MRtask-10-2026-03-29.mat,warmth_ability,4,2,86.0,67.73809523809524,731.0,569.0,8.6,6.773809523809524,8.817,6.716,-0.21700000000000053,0.05780952380952353,0.22456834381337923
10,MRtask-10-2026-03-29.mat,warmth_ability,5,3,49.29411764705882,25.71428571428571,419.0,215.99999999999997,4.929411764705883,2.571428571428571,4.894,2.02,0.035411764705882476,0.5514285714285712,0.5525644419136465
10,MRtask-10-2026-03-29.mat,warmth_ability,6,3,71.88235294117648,33.214285714285715,611.0,279.0,7.188235294117647,3.321428571428571,7.659,3.185,-0.47076470588235253,0.13642857142857112,0.4901348420654653
11,MRtask-11-2025-11-25.mat,legacy_xy,1,1,18.181818181818183,22.466039707419018,174.0,179.72831765935214,1.8181818181818183,2.2466039707419014,2.416,4.788,-0.5978181818181816,-2.541396029258099,2.610762408960499
11,MRtask-11-2025-11-25.mat,legacy_xy,2,1,19.853709508881924,32.39289446185998,190.0,259.14315569487985,1.9853709508881923,3.2392894461859982,2.789,7.765,-0.8036290491118079,-4.525710553814001,4.596506898230414
11,MRtask-11-2025-11-25.mat,legacy_xy,3,2,42.63322884012539,42.94670846394985,408.0,343.5736677115988,4.263322884012539,4.294670846394984,6.426,8.527,-2.162677115987461,-4.232329153605015,4.752870961058251
11,MRtask-11-2025-11-25.mat,legacy_xy,4,2,50.9926854754441,29.57157784743992,488.00000000000006,236.57262277951935,5.09926854754441,2.9571577847439916,8.817,6.716,-3.71773145245559,-3.7588422152560086,5.286815861344922
11,MRtask-11-2025-11-25.mat,legacy_xy,5,3,31.870428422152557,16.405433646812956,305.0,131.24346917450364,3.1870428422152557,1.6405433646812955,4.894,2.02,-1.7069571577847444,-0.37945663531870455,1.7486251961469517
11,MRtask-11-2025-11-25.mat,legacy_xy,6,3,43.155694879832815,19.435736677115987,413.00000000000006,155.4858934169279,4.315569487983282,1.9435736677115987,7.659,3.185,-3.3434305120167176,-1.2414263322884014,3.566464205229516
12,MRtask-12-2026-04-12.mat,warmth_ability,1,1,27.02205882352941,52.0618556701031,147.0,303.0,2.702205882352941,5.206185567010309,2.416,4.788,0.2862058823529412,0.4181855670103092,0.5067474475013756
12,MRtask-12-2026-04-12.mat,warmth_ability,2,1,39.52205882352941,77.83505154639175,215.00000000000003,453.0,3.9522058823529416,7.783505154639175,2.789,7.765,1.1632058823529414,0.01850515463917546,1.1633530700044181
12,MRtask-12-2026-04-12.mat,warmth_ability,3,2,64.70588235294117,86.42611683848797,351.99999999999994,503.0,6.470588235294117,8.642611683848799,6.426,8.527,0.04458823529411671,0.11561168384879927,0.12391195329345038
12,MRtask-12-2026-04-12.mat,warmth_ability,4,2,90.25735294117648,59.79381443298969,491.00000000000006,348.0,9.025735294117649,5.979381443298969,8.817,6.716,0.20873529411764835,-0.736618556701031,0.7656221790718261
12,MRtask-12-2026-04-12.mat,warmth_ability,5,3,50.55147058823529,22.336769759450174,275.0,130.0,5.055147058823529,2.2336769759450172,4.894,2.02,0.16114705882352887,0.21367697594501722,0.26763076171561695
12,MRtask-12-2026-04-12.mat,warmth_ability,6,3,74.44852941176471,28.006872852233677,405.0,163.0,7.444852941176471,2.8006872852233675,7.659,3.185,-0.2141470588235288,-0.38431271477663254,0.4399491169916735
13,MRtask-13-2025-12-06.mat,legacy_xy,1,1,25.866666666666667,48.53333333333333,194.0,354.29333333333335,2.5866666666666664,4.8533333333333335,2.416,4.788,0.17066666666666652,0.06533333333333324,0.18274450896143363
13,MRtask-13-2025-12-06.mat,legacy_xy,2,1,32.0,74.0,240.0,540.2,3.2,7.4,2.789,7.765,0.41100000000000003,-0.3649999999999993,0.549678087611285
13,MRtask-13-2025-12-06.mat,legacy_xy,3,2,60.66666666666667,84.39999999999999,455.0,616.1199999999999,6.066666666666666,8.439999999999998,6.426,8.527,-0.3593333333333337,-0.08700000000000152,0.36971535597597915
13,MRtask-13-2025-12-06.mat,legacy_xy,4,2,91.46666666666667,63.866666666666674,686.0,466.2266666666667,9.146666666666668,6.386666666666667,8.817,6.716,0.3296666666666681,-0.3293333333333335,0.46598342841302476
13,MRtask-13-2025-12-06.mat,legacy_xy,5,3,48.266666666666666,18.933333333333334,362.0,138.21333333333334,4.826666666666666,1.8933333333333333,4.894,2.02,-0.06733333333333391,-0.1266666666666667,0.14345111439867697
13,MRtask-13-2025-12-06.mat,legacy_xy,6,3,72.13333333333334,29.333333333333332,541.0,214.13333333333333,7.213333333333334,2.9333333333333336,7.659,3.185,-0.445666666666666,-0.2516666666666665,0.5118152878616349
14,MRtask-14-2026-04-12.mat,warmth_ability,1,1,26.451612903225808,48.69565217391305,82.0,168.0,2.645161290322581,4.869565217391305,2.416,4.788,0.22916129032258103,0.0815652173913044,0.24324428394188632
14,MRtask-14-2026-04-12.mat,warmth_ability,2,1,32.58064516129032,73.04347826086956,101.0,252.0,3.258064516129032,7.304347826086957,2.789,7.765,0.4690645161290319,-0.4606521739130427,0.6574358870811472
14,MRtask-14-2026-04-12.mat,warmth_ability,3,2,54.516129032258064,85.5072463768116,169.0,295.0,5.451612903225806,8.55072463768116,6.426,8.527,-0.9743870967741941,0.023724637681160843,0.9746758808922815
14,MRtask-14-2026-04-12.mat,warmth_ability,4,2,88.06451612903226,63.76811594202898,273.0,219.99999999999997,8.806451612903226,6.3768115942028984,8.817,6.716,-0.010548387096774192,-0.33918840579710174,0.33935238778815563
14,MRtask-14-2026-04-12.mat,warmth_ability,5,3,45.483870967741936,48.69565217391305,141.0,168.0,4.548387096774194,4.869565217391305,4.894,2.02,-0.3456129032258062,2.8495652173913046,2.8704477363370553
14,MRtask-14-2026-04-12.mat,warmth_ability,6,3,70.96774193548387,35.65217391304348,220.0,123.0,7.096774193548388,3.5652173913043477,7.659,3.185,-0.5622258064516119,0.3802173913043476,0.6787216823488468
15,MRtask-15-2025-12-06.mat,legacy_xy,1,1,46.27450980392157,15.88235294117647,235.99999999999997,79.41176470588235,4.627450980392156,1.588235294117647,2.416,4.788,2.2114509803921565,-3.1997647058823535,3.8896027575689285
15,MRtask-15-2025-12-06.mat,legacy_xy,2,1,65.29411764705883,22.941176470588236,333.0,114.70588235294117,6.529411764705882,2.2941176470588234,2.789,7.765,3.740411764705882,-5.470882352941176,6.62730970223011
15,MRtask-15-2025-12-06.mat,legacy_xy,3,2,51.17647058823529,80.58823529411765,261.0,402.94117647058823,5.117647058823529,8.058823529411764,6.426,8.527,-1.3083529411764712,-0.46817647058823475,1.3895958499857355
15,MRtask-15-2025-12-06.mat,legacy_xy,4,2,82.15686274509804,66.27450980392156,419.0,331.3725490196078,8.215686274509803,6.6274509803921555,8.817,6.716,-0.601313725490197,-0.08854901960784467,0.6077985894491781
15,MRtask-15-2025-12-06.mat,legacy_xy,5,3,25.68627450980392,43.333333333333336,131.0,216.66666666666669,2.568627450980392,4.333333333333334,4.894,2.02,-2.325372549019608,2.313333333333334,3.2800714325826905
15,MRtask-15-2025-12-06.mat,legacy_xy,6,3,39.6078431372549,75.88235294117646,202.00000000000003,379.4117647058823,3.9607843137254903,7.588235294117647,7.659,3.185,-3.6982156862745095,4.403235294117646,5.7502417616627355
16,MRtask-16-2026-04-12.mat,warmth_ability,1,1,18.84057971014493,49.91896272285251,104.00000000000001,308.0,1.8840579710144931,4.991896272285251,2.416,4.788,-0.5319420289855068,0.20389627228525065,0.5696806228519966
16,MRtask-16-2026-04-12.mat,warmth_ability,2,1,23.007246376811594,76.33711507293354,127.0,471.0,2.300724637681159,7.633711507293355,2.789,7.765,-0.48827536231884094,-0.1312884927066449,0.5056179365536572
16,MRtask-16-2026-04-12.mat,warmth_ability,3,2,71.92028985507247,88.6547811993517,397.00000000000006,547.0,7.192028985507247,8.86547811993517,6.426,8.527,0.7660289855072469,0.3384781199351714,0.8374770709172342
16,MRtask-16-2026-04-12.mat,warmth_ability,4,2,92.57246376811594,68.88168557536467,511.0,425.0,9.257246376811594,6.888168557536467,8.817,6.716,0.4402463768115936,0.17216855753646687,0.4727143794088809
16,MRtask-16-2026-04-12.mat,warmth_ability,5,3,53.62318840579711,18.80064829821718,296.0,116.0,5.362318840579711,1.880064829821718,4.894,2.02,0.46831884057971074,-0.13993517017828205,0.4887784654572553
16,MRtask-16-2026-04-12.mat,warmth_ability,6,3,77.53623188405797,30.30794165316045,428.0,187.0,7.753623188405797,3.0307941653160455,7.659,3.185,0.09462318840579709,-0.15420583468395455,0.1809226001213063
17,MRtask-17-2025-12-06.mat,legacy_xy,1,1,31.93548387096774,23.06451612903226,198.0,101.48387096774194,3.193548387096774,2.306451612903226,2.416,4.788,0.7775483870967741,-2.4815483870967743,2.600512236421778
17,MRtask-17-2025-12-06.mat,legacy_xy,2,1,40.806451612903224,58.387096774193544,252.99999999999997,256.9032258064516,4.080645161290322,5.838709677419355,2.789,7.765,1.291645161290322,-1.9262903225806447,2.31925454177685
17,MRtask-17-2025-12-06.mat,legacy_xy,3,2,59.51612903225807,66.12903225806451,369.00000000000006,290.96774193548384,5.951612903225807,6.612903225806451,6.426,8.527,-0.4743870967741932,-1.9140967741935482,1.9720064854264538
17,MRtask-17-2025-12-06.mat,legacy_xy,4,2,76.29032258064517,57.25806451612904,473.0,251.93548387096777,7.629032258064516,5.725806451612904,8.817,6.716,-1.1879677419354842,-0.9901935483870963,1.5465285704269165
17,MRtask-17-2025-12-06.mat,legacy_xy,5,3,47.90322580645161,10.483870967741936,297.0,46.12903225806452,4.790322580645161,1.0483870967741935,4.894,2.02,-0.1036774193548391,-0.9716129032258065,0.9771287740103448
17,MRtask-17-2025-12-06.mat,legacy_xy,6,3,84.03225806451613,15.645161290322582,521.0,68.83870967741936,8.403225806451612,1.5645161290322582,7.659,3.185,0.7442258064516123,-1.6204838709677418,1.7832105952621382
18,MRtask-18-2026-04-12.mat,warmth_ability,1,1,21.3953488372093,47.098214285714285,92.0,211.0,2.13953488372093,4.709821428571429,2.416,4.788,-0.2764651162790699,-0.07817857142857143,0.28730619476407376
18,MRtask-18-2026-04-12.mat,warmth_ability,2,1,25.348837209302328,75.66964285714286,109.00000000000001,339.0,2.5348837209302326,7.5669642857142865,2.789,7.765,-0.2541162790697675,-0.1980357142857132,0.3221695631510162
18,MRtask-18-2026-04-12.mat,warmth_ability,3,2,66.74418604651163,85.71428571428571,287.0,384.0,6.674418604651163,8.571428571428571,6.426,8.527,0.24841860465116294,0.04442857142857193,0.2523602605324668
18,MRtask-18-2026-04-12.mat,warmth_ability,4,2,89.53488372093024,61.60714285714286,385.0,276.0,8.953488372093023,6.1607142857142865,8.817,6.716,0.136488372093023,-0.5552857142857137,0.5718140433798377
18,MRtask-18-2026-04-12.mat,warmth_ability,5,3,53.72093023255814,16.071428571428573,231.0,72.0,5.372093023255814,1.6071428571428572,4.894,2.02,0.4780930232558136,-0.4128571428571428,0.6316834328158742
18,MRtask-18-2026-04-12.mat,warmth_ability,6,3,78.83720930232559,20.3125,339.00000000000006,91.0,7.88372093023256,2.03125,7.659,3.185,0.2247209302325599,-1.15375,1.1754312225666745
20,MRtask-20-2026-04-12.mat,warmth_ability,1,1,25.183823529411764,50.535714285714285,137.0,283.0,2.5183823529411766,5.053571428571429,2.416,4.788,0.1023823529411767,0.26557142857142857,0.2846231365634935
20,MRtask-20-2026-04-12.mat,warmth_ability,2,1,30.514705882352942,79.64285714285714,166.0,445.99999999999994,3.0514705882352944,7.9642857142857135,2.789,7.765,0.26247058823529423,0.19928571428571384,0.3295536460228418
20,MRtask-20-2026-04-12.mat,warmth_ability,3,2,56.80147058823529,83.39285714285715,309.0,467.00000000000006,5.680147058823529,8.339285714285715,6.426,8.527,-0.7458529411764712,-0.18771428571428395,0.7691119963456664
20,MRtask-20-2026-04-12.mat,warmth_ability,4,2,86.76470588235294,57.49999999999999,472.0,322.0,8.676470588235293,5.75,8.817,6.716,-0.14052941176470668,-0.9660000000000002,0.9761682824036718
20,MRtask-20-2026-04-12.mat,warmth_ability,5,3,48.529411764705884,25.892857142857146,264.0,145.0,4.852941176470588,2.5892857142857144,4.894,2.02,-0.04105882352941226,0.5692857142857144,0.57076444482765
20,MRtask-20-2026-04-12.mat,warmth_ability,6,3,78.125,30.178571428571427,425.0,169.0,7.8125,3.017857142857143,7.659,3.185,0.1535000000000002,-0.16714285714285726,0.22693387736051585
21,MRtask-21-2025-12-09.mat,legacy_xy,1,1,30.407523510971785,42.31974921630094,291.0,342.7899686520376,3.0407523510971783,4.231974921630094,2.416,4.788,0.6247523510971784,-0.5560250783699061,0.8363488434724546
21,MRtask-21-2025-12-09.mat,legacy_xy,2,1,22.25705329153605,62.27795193312434,213.0,504.45141065830717,2.225705329153605,6.227795193312434,2.789,7.765,-0.5632946708463953,-1.5372048066875657,1.6371620273837606
21,MRtask-21-2025-12-09.mat,legacy_xy,3,2,60.083594566353185,73.14524555903866,575.0,592.4764890282131,6.0083594566353185,7.314524555903866,6.426,8.527,-0.4176405433646817,-1.2124754440961336,1.2823885238094042
21,MRtask-21-2025-12-09.mat,legacy_xy,4,2,83.07210031347962,54.33646812957158,795.0,440.1253918495298,8.307210031347962,5.433646812957158,8.817,6.716,-0.5097899686520382,-1.2823531870428422,1.3799693867826128
21,MRtask-21-2025-12-09.mat,legacy_xy,5,3,49.843260188087775,25.809822361546498,477.0,209.05956112852664,4.984326018808777,2.5809822361546497,4.894,2.02,0.09032601880877689,0.5609822361546497,0.5682075843870044
21,MRtask-21-2025-12-09.mat,legacy_xy,6,3,77.01149425287356,26.227795193312435,737.0,212.44514106583074,7.701149425287356,2.6227795193312438,7.659,3.185,0.04214942528735577,-0.5622204806687563,0.5637982289218917
23,MRtask-23-2025-12-09.mat,legacy_xy,1,1,27.719298245614034,52.63157894736842,157.99999999999997,305.2631578947368,2.7719298245614032,5.263157894736842,2.416,4.788,0.3559298245614033,0.47515789473684134,0.5936843142134197
23,MRtask-23-2025-12-09.mat,legacy_xy,2,1,38.24561403508772,88.94736842105263,218.0,515.8947368421052,3.8245614035087723,8.894736842105264,2.789,7.765,1.0355614035087721,1.129736842105264,1.5325445353551825
23,MRtask-23-2025-12-09.mat,legacy_xy,3,2,71.40350877192982,94.56140350877193,407.0,548.4561403508773,7.140350877192983,9.456140350877194,6.426,8.527,0.7143508771929827,0.9291403508771943,1.1720063853813167
23,MRtask-23-2025-12-09.mat,legacy_xy,4,2,91.40350877192982,74.03508771929825,521.0,429.4035087719298,9.140350877192983,7.4035087719298245,8.817,6.716,0.3233508771929827,0.6875087719298243,0.7597526579498926
23,MRtask-23-2025-12-09.mat,legacy_xy,5,3,50.526315789473685,25.087719298245613,288.0,145.50877192982458,5.052631578947368,2.5087719298245617,4.894,2.02,0.158631578947368,0.48877192982456164,0.5138696111113804
23,MRtask-23-2025-12-09.mat,legacy_xy,6,3,84.91228070175438,42.63157894736842,484.0,247.26315789473685,8.491228070175438,4.2631578947368425,7.659,3.185,0.8322280701754385,1.0781578947368424,1.3619941287580188
29,MRtask-29-2026-03-16.mat,warmth_ability,1,1,31.636363636363633,49.82758620689655,174.0,288.99999999999994,3.1636363636363636,4.982758620689655,2.416,4.788,0.7476363636363637,0.19475862068965455,0.772587245923942
29,MRtask-29-2026-03-16.mat,warmth_ability,2,1,36.72727272727273,76.37931034482759,202.0,443.0,3.6727272727272724,7.637931034482759,2.789,7.765,0.8837272727272723,-0.12706896551724078,0.8928160026341397
29,MRtask-29-2026-03-16.mat,warmth_ability,3,2,71.45454545454545,86.03448275862068,392.99999999999994,498.99999999999994,7.145454545454545,8.603448275862068,6.426,8.527,0.7194545454545445,0.07644827586206837,0.7235047904868965
29,MRtask-29-2026-03-16.mat,warmth_ability,4,2,92.9090909090909,67.93103448275862,511.0,394.0,9.290909090909091,6.793103448275862,8.817,6.716,0.47390909090909084,0.07710344827586191,0.4801403630005599
29,MRtask-29-2026-03-16.mat,warmth_ability,5,3,51.090909090909086,18.79310344827586,281.0,108.99999999999999,5.1090909090909085,1.879310344827586,4.894,2.02,0.21509090909090833,-0.14068965517241394,0.2570168831926925
29,MRtask-29-2026-03-16.mat,warmth_ability,6,3,76.54545454545455,36.55172413793103,421.0,211.99999999999997,7.654545454545455,3.655172413793103,7.659,3.185,-0.004454545454544601,0.47017241379310315,0.47019351512673974
31,MRtask-31-2026-03-16.mat,warmth_ability,1,1,21.904761904761905,50.68181818181819,92.0,223.0,2.1904761904761907,5.068181818181818,2.416,4.788,-0.22552380952380924,0.2801818181818181,0.3596704601462299
31,MRtask-31-2026-03-16.mat,warmth_ability,2,1,28.809523809523807,78.63636363636364,120.99999999999999,346.0,2.8809523809523805,7.863636363636363,2.789,7.765,0.09195238095238034,0.09863636363636363,0.13484944417466702
31,MRtask-31-2026-03-16.mat,warmth_ability,3,2,68.33333333333333,87.5,286.99999999999994,385.0,6.833333333333332,8.75,6.426,8.527,0.407333333333332,0.22300000000000075,0.46438071067222814
31,MRtask-31-2026-03-16.mat,warmth_ability,4,2,88.33333333333333,70.9090909090909,371.0,312.0,8.833333333333332,7.090909090909091,8.817,6.716,0.01633333333333198,0.37490909090909064,0.3752647122020115
31,MRtask-31-2026-03-16.mat,warmth_ability,5,3,55.23809523809524,19.318181818181817,232.00000000000003,85.0,5.523809523809524,1.9318181818181817,4.894,2.02,0.6298095238095236,-0.08818181818181836,0.6359528829551999
31,MRtask-31-2026-03-16.mat,warmth_ability,6,3,77.38095238095238,35.0,325.0,154.0,7.738095238095238,3.5,7.659,3.185,0.07909523809523833,0.31499999999999995,0.3247784732542205
35,MRtask-35-2025-07-18.mat,warmth_ability,1,1,26.071428571428573,48.16666666666667,146.0,289.0,2.607142857142857,4.816666666666666,2.416,4.788,0.19114285714285728,0.028666666666666174,0.19328054639438624
35,MRtask-35-2025-07-18.mat,warmth_ability,2,1,25.71428571428571,81.0,144.0,486.00000000000006,2.571428571428571,8.100000000000001,2.789,7.765,-0.21757142857142897,0.33500000000000174,0.39945253351382515
35,MRtask-35-2025-07-18.mat,warmth_ability,3,2,63.74999999999999,82.0,357.0,491.99999999999994,6.375,8.2,6.426,8.527,-0.051000000000000156,-0.32699999999999996,0.3309531688925187
35,MRtask-35-2025-07-18.mat,warmth_ability,4,2,87.85714285714286,66.16666666666666,492.0,397.0,8.785714285714285,6.616666666666666,8.817,6.716,-0.03128571428571547,-0.09933333333333394,0.10414368453957568
35,MRtask-35-2025-07-18.mat,warmth_ability,5,3,48.392857142857146,25.833333333333336,271.00000000000006,155.00000000000003,4.839285714285715,2.5833333333333335,4.894,2.02,-0.05471428571428483,0.5633333333333335,0.5659841848547263
35,MRtask-35-2025-07-18.mat,warmth_ability,6,3,88.75,33.33333333333333,497.0,199.99999999999994,8.875,3.3333333333333326,7.659,3.185,1.2160000000000002,0.14833333333333254,1.225013786770491
37,MRtask-37-2026-03-22.mat,warmth_ability,1,1,15.512820512820513,48.87640449438202,121.0,435.0,1.5512820512820513,4.8876404494382015,2.416,4.788,-0.8647179487179486,0.09964044943820127,0.8704397451858593
37,MRtask-37-2026-03-22.mat,warmth_ability,2,1,20.128205128205128,74.49438202247191,157.0,663.0,2.0128205128205128,7.44943820224719,2.789,7.765,-0.7761794871794874,-0.31556179775280935,0.8378745995190431
37,MRtask-37-2026-03-22.mat,warmth_ability,3,2,66.28205128205128,80.89887640449437,517.0,719.9999999999999,6.628205128205128,8.089887640449437,6.426,8.527,0.2022051282051276,-0.4371123595505626,0.48161616329221385
37,MRtask-37-2026-03-22.mat,warmth_ability,4,2,87.82051282051282,69.32584269662921,685.0,617.0,8.782051282051281,6.932584269662922,8.817,6.716,-0.03494871794871912,0.21658426966292144,0.2193858672560295
37,MRtask-37-2026-03-22.mat,warmth_ability,5,3,53.84615384615385,17.752808988764045,420.0,158.0,5.384615384615384,1.7752808988764046,4.894,2.02,0.490615384615384,-0.2447191011235954,0.5482617021788424
37,MRtask-37-2026-03-22.mat,warmth_ability,6,3,80.51282051282051,27.303370786516858,628.0,243.00000000000003,8.051282051282051,2.7303370786516856,7.659,3.185,0.3922820512820513,-0.45466292134831443,0.6005027725223568
39,MRtask-39-2026-03-22.mat,warmth_ability,1,1,48.125,23.4375,308.0,150.0,4.8125,2.34375,2.416,4.788,2.3965,-2.4442500000000003,3.4230936756828614
39,MRtask-39-2026-03-22.mat,warmth_ability,2,1,91.09375,37.96875,583.0,243.0,9.109375,3.796875,2.789,7.765,6.320375,-3.9681249999999997,7.4627847454050285
39,MRtask-39-2026-03-22.mat,warmth_ability,3,2,80.0,66.40625,512.0,425.0,8.0,6.640625,6.426,8.527,1.5739999999999998,-1.8863749999999992,2.456804151865793
39,MRtask-39-2026-03-22.mat,warmth_ability,4,2,69.375,89.84375,444.0,575.0,6.9375,8.984375,8.817,6.716,-1.8795000000000002,2.268375,2.94585223502894
39,MRtask-39-2026-03-22.mat,warmth_ability,5,3,20.9375,50.15625,134.0,321.0,2.09375,5.015625,4.894,2.02,-2.80025,2.995625,4.1006303421699695
39,MRtask-39-2026-03-22.mat,warmth_ability,6,3,36.71875,79.0625,235.0,506.0,3.671875,7.90625,7.659,3.185,-3.987125,4.7212499999999995,6.179592812485706
41,MRtask-41-2026-03-22.mat,warmth_ability,1,1,15.75,50.32967032967033,126.0,458.0,1.575,5.032967032967033,2.416,4.788,-0.841,0.2449670329670326,0.8759508246703528
41,MRtask-41-2026-03-22.mat,warmth_ability,2,1,17.0,68.79120879120879,136.0,626.0,1.7000000000000002,6.8791208791208796,2.789,7.765,-1.089,-0.8858791208791201,1.4038172305572982
41,MRtask-41-2026-03-22.mat,warmth_ability,3,2,70.375,90.10989010989012,563.0,820.0,7.0375,9.010989010989011,6.426,8.527,0.6114999999999995,0.4839890109890117,0.7798574310462913
41,MRtask-41-2026-03-22.mat,warmth_ability,4,2,86.0,75.49450549450549,688.0,687.0,8.6,7.549450549450549,8.817,6.716,-0.21700000000000053,0.8334505494505491,0.8612367957649176
41,MRtask-41-2026-03-22.mat,warmth_ability,5,3,56.375,23.076923076923077,451.0,210.0,5.637499999999999,2.3076923076923075,4.894,2.02,0.7434999999999992,0.28769230769230747,0.7972196146014748
41,MRtask-41-2026-03-22.mat,warmth_ability,6,3,77.0,26.703296703296704,616.0,243.0,7.7,2.67032967032967,7.659,3.185,0.04100000000000037,-0.5146703296703299,0.5163008311468867
43,MRtask-43-2026-03-26.mat,warmth_ability,1,1,20.0,49.48096885813148,162.0,429.0,2.0,4.948096885813149,2.416,4.788,-0.4159999999999999,0.1600968858131484,0.4457432140224551
43,MRtask-43-2026-03-26.mat,warmth_ability,2,1,26.913580246913583,76.12456747404845,218.00000000000003,660.0,2.6913580246913584,7.612456747404845,2.789,7.765,-0.09764197530864172,-0.1525432525951551,0.18111708714111624
43,MRtask-43-2026-03-26.mat,warmth_ability,3,2,57.90123456790124,89.04267589388697,469.00000000000006,772.0,5.790123456790123,8.904267589388697,6.426,8.527,-0.6358765432098767,0.37726758938869764,0.739371227603361
43,MRtask-43-2026-03-26.mat,warmth_ability,4,2,92.96296296296296,62.86043829296425,753.0,545.0,9.296296296296296,6.286043829296425,8.817,6.716,0.47929629629629567,-0.4299561707035755,0.6438844992461215
43,MRtask-43-2026-03-26.mat,warmth_ability,5,3,49.382716049382715,13.610149942329874,400.0,118.00000000000001,4.938271604938271,1.3610149942329874,4.894,2.02,0.0442716049382712,-0.6589850057670126,0.6604704481122224
43,MRtask-43-2026-03-26.mat,warmth_ability,6,3,80.74074074074075,29.411764705882355,654.0,255.0,8.074074074074074,2.9411764705882355,7.659,3.185,0.4150740740740746,-0.24382352941176455,0.48139007100610204
45,MRtask-45-2026-03-26.mat,warmth_ability,1,1,25.056179775280903,52.06521739130435,223.00000000000003,479.00000000000006,2.50561797752809,5.2065217391304355,2.416,4.788,0.08961797752809009,0.4185217391304352,0.4280091447866381
45,MRtask-45-2026-03-26.mat,warmth_ability,2,1,33.37078651685393,75.43478260869566,297.0,694.0000000000001,3.3370786516853936,7.543478260869566,2.789,7.765,0.5480786516853935,-0.22152173913043338,0.5911531860191999
45,MRtask-45-2026-03-26.mat,warmth_ability,3,2,71.34831460674157,89.45652173913044,635.0,823.0,7.134831460674157,8.945652173913043,6.426,8.527,0.7088314606741566,0.41865217391304377,0.8232324594934142
45,MRtask-45-2026-03-26.mat,warmth_ability,4,2,88.76404494382022,66.08695652173913,790.0,608.0,8.876404494382022,6.608695652173912,8.817,6.716,0.05940449438202222,-0.107304347826088,0.12265038530378038
45,MRtask-45-2026-03-26.mat,warmth_ability,5,3,49.66292134831461,17.282608695652176,442.0,159.00000000000003,4.966292134831461,1.7282608695652177,4.894,2.02,0.07229213483146069,-0.2917391304347823,0.30056259412197817
45,MRtask-45-2026-03-26.mat,warmth_ability,6,3,80.0,30.76086956521739,712.0,283.0,8.0,3.0760869565217392,7.659,3.185,0.3410000000000002,-0.10891304347826081,0.3579707404798578
47,MRtask-47-2026-03-26.mat,warmth_ability,1,1,25.25,47.17391304347826,101.0,217.0,2.525,4.717391304347826,2.416,4.788,0.10899999999999999,-0.07060869565217409,0.12987142835012383
47,MRtask-47-2026-03-26.mat,warmth_ability,2,1,33.0,73.69565217391305,132.0,339.00000000000006,3.3000000000000003,7.369565217391305,2.789,7.765,0.5110000000000001,-0.395434782608695,0.6461344034307305
47,MRtask-47-2026-03-26.mat,warmth_ability,3,2,64.0,79.56521739130434,256.0,366.0,6.4,7.956521739130435,6.426,8.527,-0.0259999999999998,-0.5704782608695647,0.5710704388468756
47,MRtask-47-2026-03-26.mat,warmth_ability,4,2,84.0,69.34782608695652,336.0,319.0,8.4,6.934782608695652,8.817,6.716,-0.4169999999999998,0.21878260869565214,0.470908515390914
47,MRtask-47-2026-03-26.mat,warmth_ability,5,3,49.75,19.34782608695652,199.0,89.0,4.975,1.934782608695652,4.894,2.02,0.08099999999999952,-0.08521739130434791,0.11757127106873631
47,MRtask-47-2026-03-26.mat,warmth_ability,6,3,74.5,33.47826086956522,298.0,154.0,7.45,3.347826086956522,7.659,3.185,-0.20899999999999963,0.1628260869565219,0.26494024721354187
49,MRtask-49-2025-07-18.mat,warmth_ability,1,1,20.92105263157895,48.93333333333334,159.0,367.00000000000006,2.0921052631578947,4.893333333333334,2.416,4.788,-0.32389473684210524,0.10533333333333417,0.34059200176329435
49,MRtask-49-2025-07-18.mat,warmth_ability,2,1,29.210526315789476,73.86666666666667,222.00000000000003,554.0,2.921052631578948,7.386666666666667,2.789,7.765,0.13205263157894764,-0.37833333333333297,0.4007168683971716
49,MRtask-49-2025-07-18.mat,warmth_ability,3,2,66.3157894736842,84.66666666666667,503.99999999999994,635.0,6.63157894736842,8.466666666666667,6.426,8.527,0.2055789473684202,-0.06033333333333246,0.21424942173135192
49,MRtask-49-2025-07-18.mat,warmth_ability,4,2,89.47368421052632,60.13333333333334,680.0,451.00000000000006,8.947368421052632,6.013333333333334,8.817,6.716,0.1303684210526317,-0.7026666666666666,0.7146582187676851
49,MRtask-49-2025-07-18.mat,warmth_ability,5,3,47.89473684210526,20.266666666666666,364.0,152.0,4.7894736842105265,2.0266666666666664,4.894,2.02,-0.10452631578947358,0.0066666666666663765,0.10473869932821007
49,MRtask-49-2025-07-18.mat,warmth_ability,6,3,73.81578947368422,32.666666666666664,561.0000000000001,245.0,7.381578947368422,3.2666666666666666,7.659,3.185,-0.2774210526315777,0.08166666666666655,0.2891917787345571
