SubNo,source_date,prev_trial_index,trial_index,raw_village_pair,pair_condition,estimate_type,prev_pair_label,current_pair_label,center_x_0to10,center_y_0to10,prev_mid_x_0to10,prev_mid_y_0to10,current_mid_x_0to10,current_mid_y_0to10,derived_center_x_0to10,derived_center_y_0to10,true_center_x,true_center_y,distance_to_true,distance_to_derived
2,2026-03-29,1,2,AB,far,cross_edges,2-3,1-4,5.136233073877433,7.227947594635541,4.618485780767114,8.299182813857575,6.058150697665527,5.62366258431389,5.338318239216321,6.961422699085732,5.112,6.949,0.2799982186059465,0.3344756104679117
2,2026-03-29,31,32,AB,far,cross_edges,2-3,1-4,5.280251782161897,7.255278286353758,4.8124447639212375,8.209393843345211,5.795398994254954,5.559220723395491,5.3039218790880955,6.884307283370351,5.112,6.949,0.3494496399947339,0.37172538054726745
2,2026-03-29,37,38,AB,far,same_edges,1-2,3-4,4.646151566468739,6.803302383545303,2.356624797192365,6.4414405800720855,7.240067519498591,7.296836883355477,4.798346158345478,6.869138731713781,5.112,6.949,0.4881009715869348,0.1658240589802579
2,2026-03-29,51,52,AB,far,same_edges,3-4,1-2,4.999029130009201,7.241513598916738,7.26188226129493,7.310948919485034,2.6124620574168036,6.523618125295469,4.937172159355867,6.917283522390251,5.112,6.949,0.31357076237701165,0.33007791101916945
2,2026-03-29,22,23,AC,near,cross_edges,2-6,1-5,4.410793835891554,4.246861192499624,4.8272900353501935,4.919231216633957,3.229422216964781,3.303204256976869,4.028356126157487,4.111217736805413,4.4395,4.4395,0.194765895405196,0.40578041956125266
2,2026-03-29,57,58,AC,near,cross_edges,2-6,1-5,4.518716577540107,4.577161574075419,4.744532999826631,5.247297136343031,3.253035212219411,3.205991107829416,3.998784106023021,4.226644122086223,4.4395,4.4395,0.15882687157433342,0.6270504438136241
2,2026-03-29,44,45,AC,near,same_edges,5-6,1-2,4.973262032085561,5.131632311607826,6.325672046557873,2.261024221891686,2.3650925831100995,6.354009114418476,4.345382314833986,4.307516668155081,4.4395,4.4395,0.8740417859963568,1.036049966516794
2,2026-03-29,47,48,AC,near,same_edges,1-2,5-6,5.238755163408927,5.367952273970582,2.6995245538874513,6.854284428870276,6.458781272742749,2.312263998247494,4.5791529133151005,4.5832742135588855,4.4395,4.4395,1.225084666983052,1.025082819493284
2,2026-03-29,9,10,BC,unknown,cross_edges,4-6,3-5,7.062162879171865,4.441842023556894,8.181818181818182,4.813587332102888,5.424882980820187,5.2219358321759755,6.803350581319185,5.017761582139432,6.949,5.111999999999999,0.6796451652243134,0.6314009371846784
2,2026-03-29,16,17,BC,unknown,cross_edges,3-5,4-6,6.940520361396938,5.148383200458628,5.61540845597151,4.975773073877531,8.101017982782706,3.9570520532084332,6.858213219377108,4.466412563542982,6.949,5.111999999999999,0.037358286181934486,0.6869195114732182
2,2026-03-29,11,12,BC,unknown,same_edges,5-6,3-4,6.898395721925134,5.172561285102989,6.317229668608992,2.4155128959232823,7.378114790083114,7.430516085274751,6.847672229346053,4.923014490599017,6.949,5.111999999999999,0.07892060702252619,0.2546497110672383
2,2026-03-29,27,28,BC,unknown,same_edges,5-6,3-4,6.81044593900146,4.938788184990772,6.47809863970347,2.6930082915621107,7.311902934653325,7.330300831263921,6.895000787178398,5.011654561413016,6.949,5.111999999999999,0.22180973981765964,0.11162003029534204
6,2026-03-29,28,29,AB,far,cross_edges,2-3,1-4,4.81651376146789,6.559633027522935,3.669724770642202,7.935779816513762,5.871559633027523,5.458715596330275,4.770642201834862,6.697247706422019,5.112,6.949,0.4887931632273619,0.1450586082646058
6,2026-03-29,32,33,AB,far,cross_edges,1-4,2-3,4.770642201834862,6.192660550458715,5.18348623853211,5.412844036697248,4.4495412844036695,8.119266055045872,4.81651376146789,6.76605504587156,5.112,6.949,0.8298038980991621,0.575226431375434
6,2026-03-29,21,22,AB,far,same_edges,1-2,3-4,5.18348623853211,7.247706422018348,2.8440366972477067,6.467889908256881,7.568807339449542,7.568807339449542,5.206422018348624,7.018348623853211,5.112,6.949,0.3071413499587337,0.23050173442937752
6,2026-03-29,57,58,AB,far,same_edges,3-4,1-2,5.275229357798165,7.522935779816514,7.568807339449542,7.477064220183486,2.8899082568807337,6.467889908256881,5.229357798165138,6.972477064220183,5.112,6.949,0.5966959884235786,0.5523667237978119
6,2026-03-29,1,2,AC,near,cross_edges,1-5,2-6,4.036697247706423,3.853211009174312,3.9908256880733943,3.302752293577982,5.73394495412844,5.642201834862385,4.862385321100917,4.472477064220183,4.4395,4.4395,0.7113261122851349,1.0321100917431185
6,2026-03-29,49,50,AC,near,cross_edges,2-6,1-5,4.678899082568807,4.862385321100918,5.229357798165138,5.5045871559633035,3.9908256880733943,3.715596330275229,4.610091743119266,4.610091743119266,4.4395,4.4395,0.485946412207574,0.26150812502273835
6,2026-03-29,14,15,AC,near,same_edges,5-6,1-2,4.954128440366973,3.9908256880733943,6.14697758696038,2.7594957737949013,2.7522935779816518,6.284403669724771,4.449635582471016,4.521949721759836,4.4395,4.4395,0.6827525685175825,0.7325338100233918
6,2026-03-29,39,40,AC,near,same_edges,5-6,1-2,4.3577981651376145,4.4036697247706424,6.376146788990825,2.4770642201834865,2.7522935779816518,6.422018348623854,4.564220183486238,4.44954128440367,4.4395,4.4395,0.08921321899187344,0.2114574416810296
6,2026-03-29,18,19,BC,unknown,cross_edges,4-6,3-5,7.660550458715596,4.954128440366973,8.440366972477065,4.81651376146789,5.412844036697248,5.18348623853211,6.926605504587156,5.0,6.949,5.111999999999999,0.7288535412820187,0.7353770432055678
6,2026-03-29,43,44,BC,unknown,cross_edges,4-6,3-5,7.068166832318622,5.176382450792047,8.256880733944955,4.770642201834863,5.5045871559633035,5.825688073394495,6.880733944954129,5.29816513761468,6.949,5.111999999999999,0.1354467935938129,0.2235220572461027
6,2026-03-29,9,10,BC,unknown,same_edges,3-4,5-6,7.247706422018348,5.458715596330276,7.752293577981652,7.568807339449542,6.605504587155964,2.4770642201834865,7.178899082568808,5.022935779816514,6.949,5.111999999999999,0.45764312656661066,0.4411785335245721
6,2026-03-29,53,54,BC,unknown,same_edges,3-4,5-6,7.018348623853211,5.275229357798165,7.339449541284404,7.431192660550458,6.467889908256881,2.5688073394495414,6.9036697247706424,5.0,6.949,5.111999999999999,0.1773500912814419,0.29816513761467867
8,2026-03-29,8,9,AB,far,cross_edges,1-4,2-3,5.454545454545454,6.8449197860962565,5.454545454545454,5.989304812834224,4.973262032085561,6.149732620320856,5.213903743315507,6.06951871657754,5.112,6.949,0.35800849061998613,0.811883767416523
8,2026-03-29,37,38,AB,far,cross_edges,2-3,1-4,5.347593582887701,6.8449197860962565,4.973262032085561,6.363636363636363,5.336560641922756,5.887364476108152,5.154911337004158,6.125500419872258,5.112,6.949,0.25755975466697584,0.7447755852448885
8,2026-03-29,29,30,AB,far,same_edges,1-2,3-4,5.294117647058823,8.181818181818182,2.5668449197860967,6.2032085561497325,6.310160427807486,6.310160427807486,4.438502673796791,6.256684491978609,5.112,6.949,1.2461972182570982,2.106707551186333
8,2026-03-29,44,45,AB,far,same_edges,1-2,3-4,5.187165775401069,6.8449197860962565,2.4598930481283423,6.256684491978609,8.128342245989305,8.128342245989305,5.294117647058824,7.192513368983957,5.112,6.949,0.12838451899622824,0.36367568205175027
8,2026-03-29,24,25,AC,near,cross_edges,2-6,1-5,4.491978609625669,4.491978609625669,5.561497326203209,5.561497326203209,3.5294117647058827,3.5294117647058827,4.545454545454546,4.545454545454546,4.4395,4.4395,0.07421596146710416,0.07562639370979148
8,2026-03-29,31,32,AC,near,cross_edges,1-5,2-6,4.385026737967914,4.331550802139038,3.689839572192513,3.5828877005347595,5.775401069518717,5.775401069518717,4.732620320855615,4.6791443850267385,4.4395,4.4395,0.12091470380082547,0.49157155911364275
8,2026-03-29,2,3,AC,near,same_edges,5-6,1-2,4.438502673796791,4.438502673796791,6.473386949531709,2.7271994403612076,2.5133689839572195,6.256684491978609,4.493377966744465,4.491941966169908,4.4395,4.4395,0.0014104322426873276,0.07659670845037939
8,2026-03-29,54,55,AC,near,same_edges,5-6,1-2,4.598930481283422,4.545454545454545,6.256684491978609,2.5668449197860967,2.620320855614973,6.256684491978609,4.4385026737967905,4.411764705882353,4.4395,4.4395,0.1914273858797194,0.20883020523814583
8,2026-03-29,14,15,BC,unknown,cross_edges,4-6,3-5,7.005347593582888,5.240641711229946,8.128342245989305,5.187165775401069,6.2032085561497325,5.561497326203209,7.165775401069519,5.374331550802139,6.949,5.111999999999999,0.14044123742957912,0.20883020523814572
8,2026-03-29,17,18,BC,unknown,cross_edges,4-6,3-5,7.005347593582888,5.347593582887701,8.502673796791443,4.973262032085563,5.935828877005348,5.401069518716578,7.219251336898395,5.18716577540107,6.949,5.111999999999999,0.2422382868178492,0.26737967914438415
8,2026-03-29,46,47,BC,unknown,same_edges,5-6,3-4,7.112299465240641,5.187165775401069,6.256684491978609,2.620320855614974,8.074866310160427,8.02139037433155,7.165775401069518,5.320855614973262,6.949,5.111999999999999,0.17976820947966124,0.14398836382712676
8,2026-03-29,58,59,BC,unknown,same_edges,5-6,3-4,7.112299465240641,5.240641711229946,6.577540106951871,2.8342245989304815,7.86096256684492,7.807486631016043,7.219251336898395,5.320855614973262,6.949,5.111999999999999,0.20788315279514205,0.13368983957219333
9,2025-11-25,9,10,AB,near,cross_edges,1-4,2-3,5.6499999999999995,5.85,5.6499999999999995,5.5,5.25,7.25,5.449999999999999,6.375,5.112,6.949,1.2236196304407672,0.5618051263561062
9,2025-11-25,42,43,AB,near,cross_edges,2-3,1-4,5.4134976249348865,6.322751631047092,4.95,7.55,5.05,4.95,5.0,6.25,5.112,6.949,0.6950452053338363,0.4198488842986299
9,2025-11-25,26,27,AB,near,same_edges,3-4,1-2,4.95,6.949999999999999,7.6,7.800000000000001,2.6,6.15,5.1,6.9750000000000005,5.112,6.949,0.16200308639035238,0.15206906325745517
9,2025-11-25,51,52,AB,near,same_edges,1-2,3-4,5.1,6.7,2.9000000000000004,6.4,7.55,7.800000000000001,5.225,7.1000000000000005,5.112,6.949,0.24928898892650644,0.41907636535600556
9,2025-11-25,4,5,AC,far,cross_edges,1-5,2-6,4.65,4.75,3.599862953475457,3.6052335956242985,5.2,5.3500000000000005,4.399931476737729,4.47761679781215,4.4395,4.4395,0.375127311722301,0.36976597350307994
9,2025-11-25,34,35,AC,far,cross_edges,2-6,1-5,5.149862953475457,5.344766404375706,5.699999999999999,5.3500000000000005,3.85,3.75,4.7749999999999995,4.550000000000001,4.4395,4.4395,1.1507053439354904,0.8787353819055147
9,2025-11-25,18,19,AC,far,same_edges,5-6,1-2,4.699999999999999,4.75,6.25,3.15,2.496352549156242,6.192658477444272,4.373176274578121,4.671329238722136,4.4395,4.4395,0.40530297309543617,0.3361589448143153
9,2025-11-25,37,38,AC,far,same_edges,1-2,5-6,5.2,5.300000000000001,3.0000000000000004,5.6499999999999995,6.6000000000000005,2.6500000000000004,4.800000000000001,4.15,4.4395,4.4395,1.148399103099616,1.2175795661885922
9,2025-11-25,15,16,BC,unknown,cross_edges,3-5,4-6,6.5,6.550000000000001,5.8,6.35,7.65,5.05,6.725,5.699999999999999,6.949,5.111999999999999,1.5064677228536973,0.8792752697534499
9,2025-11-25,22,23,BC,unknown,cross_edges,3-5,4-6,6.3,5.1,6.15,6.3,8.299862953475458,4.905233595624297,7.224931476737729,5.602616797812148,6.949,5.111999999999999,0.6491109304271497,1.0526736826306502
9,2025-11-25,56,57,BC,unknown,cross_edges,3-5,4-6,7.3,5.45,5.699999999999999,5.3500000000000005,8.058755352837531,4.805040653093781,6.879377676418765,5.077520326546891,6.949,5.111999999999999,0.4872832851637748,0.5618400539571844
9,2025-11-25,12,13,BC,unknown,same_edges,5-6,3-4,6.550000000000001,5.2,6.550000000000001,2.7,7.25,7.1499999999999995,6.9,4.925,6.949,5.111999999999999,0.40858903558465626,0.4451123453691213
9,2025-11-25,47,48,BC,unknown,same_edges,5-6,3-4,7.442441887678112,4.83959356742539,6.1,2.7,7.646212749899533,7.74996724050581,6.873106374949766,5.224983620252905,6.949,5.111999999999999,0.5636400988426602,0.6875088500317963
10,2026-03-29,37,38,AB,far,cross_edges,1-4,2-3,5.040214477211796,7.07774798927614,5.415549597855228,5.898123324396782,4.396782841823057,8.09651474530831,4.906166219839142,6.997319034852547,5.112,6.949,0.14740829700062605,0.1563257880655576
10,2026-03-29,53,54,AB,far,cross_edges,2-3,1-4,4.986595174262734,7.024128686327078,4.396782841823057,8.150134048257373,6.648793565683646,3.4316353887399464,5.522788203753351,5.79088471849866,5.112,6.949,0.1461871739497911,1.3447652765666975
10,2026-03-29,24,25,AB,far,same_edges,1-2,3-4,4.986595174262734,6.970509383378016,2.520107238605898,6.380697050938338,7.238605898123325,4.432367771712935e-16,4.879356568364612,3.190348525469169,5.112,6.949,0.12723609508113834,3.7816816669652575
10,2026-03-29,33,34,AB,far,same_edges,3-4,1-2,4.986595174262734,6.7560321715817695,7.2922252010723865,7.774798927613941,2.7882037533512065,6.273458445040214,5.040214477211796,7.024128686327078,5.112,6.949,0.23013681392302618,0.27340587204250877
10,2026-03-29,12,13,AC,near,cross_edges,1-5,2-6,4.450402144772118,4.289544235924933,3.4671783254017075,3.258762592294854,5.361930294906166,5.361930294906166,4.414554310153937,4.31034644360051,4.4395,4.4395,0.15035154784693527,0.04144633989860025
10,2026-03-29,28,29,AC,near,cross_edges,2-6,1-5,4.50402144772118,4.50402144772118,5.361930294906166,5.361930294906166,3.2171581769436997,3.0563002680965146,4.289544235924933,4.20911528150134,4.4395,4.4395,0.09124710643123965,0.3646506838803074
10,2026-03-29,48,49,AC,near,same_edges,1-2,5-6,4.369624178644659,4.33824015166522,2.6273458445040214,6.327077747989276,6.380697050938338,2.305630026809652,4.504021447721179,4.316353887399464,4.4395,4.4395,0.12302921317665222,0.13616767053429774
10,2026-03-29,58,59,AC,near,same_edges,1-2,5-6,4.450402144772118,4.396782841823057,2.5737265415549597,6.434316353887399,6.595174262734584,2.7882037533512065,4.584450402144772,4.6112600536193025,4.4395,4.4395,0.044086419262015564,0.25292174616773655
10,2026-03-29,6,7,BC,unknown,cross_edges,3-5,4-6,6.9133749491797,5.3953745347159945,5.683646112600536,5.630026809651475,8.09651474530831,5.040214477211796,6.890080428954423,5.335120643431635,6.949,5.111999999999999,0.28560509654320904,0.06460004711633931
10,2026-03-29,16,17,BC,unknown,cross_edges,4-6,3-5,6.916890080428955,5.576407506702413,8.09651474530831,5.040214477211796,5.522788203753351,5.522788203753351,6.809651474530831,5.281501340482574,6.949,5.111999999999999,0.46551625021733833,0.31379892522036507
10,2026-03-29,4,5,BC,unknown,same_edges,3-4,5-6,6.863270777479893,5.522788203753351,7.07774798927614,7.882037533512064,6.058981233243967,2.4664879356568368,6.568364611260053,5.174262734584451,6.949,5.111999999999999,0.41963847289876505,0.45655191329561423
10,2026-03-29,44,45,BC,unknown,same_edges,3-4,5-6,6.702412868632708,5.093833780160858,6.863270777479893,7.6675603217158175,6.595174262734584,2.5737265415549606,6.729222520107239,5.120643431635389,6.949,5.111999999999999,0.2472553839640184,0.037914572717778004
11,2025-11-25,9,10,AB,near,cross_edges,2-3,1-4,5.0,6.550000000000001,4.699999999999999,8.85,5.8,5.699999999999999,5.25,7.2749999999999995,5.112,6.949,0.41442128323723837,0.7668930825088972
11,2025-11-25,59,60,AB,near,cross_edges,2-3,1-4,5.198246317958908,7.091513814901286,4.3500000000000005,7.9,5.75,6.0,5.050000000000001,6.95,5.112,6.949,0.16657915475589113,0.20494665304973603
11,2025-11-25,27,28,AB,near,same_edges,3-4,1-2,5.300000000000001,7.35,7.5478757788695905,7.42644881969067,2.75,5.75,5.148937889434795,6.588224409845335,5.112,6.949,0.4428826029547786,0.7766091751994063
11,2025-11-25,46,47,AB,near,same_edges,3-4,1-2,4.757850393436439,5.149794430213186,7.562172318749951,7.5813577606601665,2.8000000000000003,3.65,5.181086159374976,5.6156788803300834,5.112,6.949,1.83372915834946,0.6294257973981554
11,2025-11-25,13,14,AC,far,cross_edges,2-6,1-5,4.097367918784671,4.01644094964078,4.860467191248588,4.799725906950914,3.6792318195897415,3.6613938977406093,4.269849505419165,4.230559902345762,4.4395,4.4395,0.5440894421761717,0.27494876547355335
11,2025-11-25,53,54,AC,far,cross_edges,1-5,2-6,4.3,4.3,5.8999999999999995,2.9499999999999997,4.9,4.85,5.4,3.8999999999999995,4.4395,4.4395,0.1972827919510467,1.1704699910719631
11,2025-11-25,4,5,AC,far,same_edges,1-2,5-6,4.149794430213186,4.057850393436441,2.4549731120808396,6.467487277129412,6.220006930866134,2.5303865447642937,4.337490021473487,4.498936910946853,4.4395,4.4395,0.4791510611024687,0.47936098183729625
11,2025-11-25,19,20,AC,far,same_edges,5-6,1-2,4.75,4.699999999999999,6.224608985412426,2.7025038012805345,2.75,6.05,4.487304492706214,4.376251900640267,4.4395,4.4395,0.40530297309543617,0.41691937037199267
11,2025-11-25,24,25,BC,unknown,cross_edges,4-6,3-5,6.586846157781566,5.078069947244822,8.35,5.1,5.550000000000001,5.85,6.95,5.475,6.949,5.111999999999999,0.36373981623344914,0.5379908734339638
11,2025-11-25,43,44,BC,unknown,cross_edges,4-6,3-5,5.246505313624156,5.266543311580499,7.8295744359010975,4.424477886801346,5.499131755405702,5.190353412806511,6.6643530956534,4.807415649803929,6.949,5.111999999999999,1.7094946014223766,1.490332359849194
11,2025-11-25,50,51,BC,unknown,cross_edges,4-6,3-5,3.3677786976552176e-16,5.5,7.7,4.35,5.5,5.75,6.6,5.05,6.949,5.111999999999999,6.959823632822889,6.6153231213599835
11,2025-11-25,33,34,BC,unknown,same_edges,5-6,3-4,7.1,5.3500000000000005,5.949999999999999,2.55,7.6,7.65,6.7749999999999995,5.1,6.949,5.111999999999999,0.2818598942737341,0.41003048667141884
11,2025-11-25,36,37,BC,unknown,same_edges,5-6,3-4,6.6000000000000005,5.0,6.05,2.8000000000000003,7.5668222369501486,7.621885550118059,6.808411118475075,5.21094277505903,6.949,5.111999999999999,0.3665310355208674,0.29653338539469
12,2026-04-12,6,7,AB,far,cross_edges,1-4,2-3,5.303514376996805,7.156549520766773,6.453674121405751,5.814696485623003,4.856230031948882,8.242811501597444,5.654952076677317,7.0287539936102235,5.112,6.949,0.2824084987513505,0.3739520738249084
12,2026-04-12,27,28,AB,far,cross_edges,1-4,2-3,5.623003194888179,6.70926517571885,5.7507987220447285,6.006389776357828,4.728434504792332,7.859424920127795,5.23961661341853,6.932907348242812,5.112,6.949,0.5644440195086133,0.4438480507811442
12,2026-04-12,17,18,AB,far,same_edges,1-2,3-4,5.175718849840255,6.5814696485623,2.8115015974440896,5.111821086261981,8.05111821086262,7.220447284345049,5.4313099041533555,6.166134185303514,5.112,6.949,0.3730129368438634,0.4876785150950086
12,2026-04-12,57,58,AB,far,same_edges,1-2,3-4,5.7507987220447285,6.453674121405751,2.5559105431309903,6.325878594249201,7.603833865814696,7.0287539936102235,5.079872204472843,6.677316293929712,5.112,6.949,0.8083387490966538,0.7072186460440468
12,2026-04-12,11,12,AC,near,cross_edges,1-5,2-6,4.4089456869009584,3.8977635782747604,3.3865814696485623,4.02555910543131,5.431309904153354,5.047923322683706,4.4089456869009584,4.536741214057509,4.4395,4.4395,0.5425973798984112,0.6389776357827484
12,2026-04-12,39,40,AC,near,cross_edges,2-6,1-5,4.21390824560748,2.9392095549363946,5.021858774098268,6.191002879575478,3.494312093453185,3.002669470193447,4.258085433775727,4.596836174884462,4.4395,4.4395,1.5171562408661297,1.6582151956591484
12,2026-04-12,42,43,AC,near,same_edges,5-6,1-2,3.6421725239616616,3.3865814696485623,6.325878594249201,1.7891373801916932,2.428115015974441,6.198083067092651,4.376996805111821,3.993610223642172,4.4395,4.4395,1.3207454469363495,0.9531267661454498
12,2026-04-12,51,52,AC,near,same_edges,1-2,5-6,3.322683706070287,3.706070287539936,3.0670926517571884,5.878594249201278,6.134185303514377,1.2779552715654958,4.600638977635782,3.578274760383387,4.4395,4.4395,1.3361129359100414,1.2843291528588994
12,2026-04-12,21,22,BC,unknown,cross_edges,4-6,3-5,7.539936102236422,4.600638977635782,8.434504792332268,4.281150159744409,5.623003194888179,4.4089456869009584,7.0287539936102235,4.345047923322683,6.949,5.111999999999999,0.7814701351425737,0.5715189718849305
12,2026-04-12,46,47,BC,unknown,cross_edges,3-5,4-6,6.530948487218643,5.111470807605004,5.686900958466453,4.536741214057508,7.667731629392971,3.5782747603833864,6.677316293929712,4.057507987220447,6.949,5.111999999999999,0.4180518477215142,1.0640776107006382
12,2026-04-12,4,5,BC,unknown,same_edges,3-4,5-6,7.156549520766773,5.942492012779552,7.859424920127795,8.881789137380192,6.261980830670927,2.0447284345047922,7.060702875399361,5.463258785942492,6.949,5.111999999999999,0.8560337533422092,0.4887239150408413
12,2026-04-12,34,35,BC,unknown,same_edges,5-6,3-4,7.0287539936102235,4.664536741214057,6.453674121405751,1.9169329073482428,7.795527156549521,7.156549520766773,7.124600638977636,4.536741214057508,6.949,5.111999999999999,0.4545152004720133,0.15974440894568714
13,2025-12-06,6,7,AB,near,cross_edges,1-4,2-3,5.1,7.25,5.5,5.8,4.800000000000001,8.100000000000001,5.15,6.950000000000001,5.112,6.949,0.3012391076869006,0.30413812651491007
13,2025-12-06,31,32,AB,near,cross_edges,1-4,2-3,4.25,7.25,5.25,5.4,3.9500000000000006,7.9,4.6000000000000005,6.65,5.112,6.949,0.913041620080925,0.6946221994724903
13,2025-12-06,48,49,AB,near,same_edges,1-2,3-4,5.15,6.7,2.3888228567653784,6.29488887394336,7.6,7.3,4.994411428382689,6.79744443697168,5.112,6.949,0.25188290930509727,0.18358437274082706
13,2025-12-06,52,53,AB,near,same_edges,1-2,3-4,5.6000000000000005,6.75,2.5500000000000007,6.0,7.55,7.35,5.050000000000001,6.675,5.112,6.949,0.5270151800470271,0.5550900827793628
13,2025-12-06,37,38,AC,far,cross_edges,2-6,1-5,4.1,3.9000000000000004,5.0,5.2,3.55,3.3000000000000003,4.275,4.25,4.4395,4.4395,0.6374327415500395,0.3913118960624632
13,2025-12-06,59,60,AC,far,cross_edges,1-5,2-6,4.699999999999999,4.3,3.1921782767479883,3.100615582970243,4.95,5.45,4.071089138373994,4.275307791485122,4.4395,4.4395,0.2955004230115411,0.6293954059512247
13,2025-12-06,1,2,AC,far,same_edges,1-2,5-6,4.9,5.1,2.95,6.7,6.8999999999999995,2.4,4.925,4.55,4.4395,4.4395,0.8051835194537953,0.5505678886386308
13,2025-12-06,42,43,AC,far,same_edges,1-2,5-6,5.300000000000001,5.0,2.3000000000000003,6.3,6.15,2.45,4.2250000000000005,4.375,4.4395,4.4395,1.0269471748829158,1.243483011544589
13,2025-12-06,18,19,BC,unknown,cross_edges,4-6,3-5,6.799931476737728,3.9973832021878533,8.25,4.1,5.5,5.2,6.875,4.65,6.949,5.111999999999999,1.1245408087715612,0.656920062086217
13,2025-12-06,28,29,BC,unknown,cross_edges,4-6,3-5,7.1,4.25,8.2,4.2,5.59993147673773,5.3026167978121475,6.899965738368865,4.751308398906074,6.949,5.111999999999999,0.8751257052561069,0.5397442140867145
13,2025-12-06,13,14,BC,unknown,same_edges,5-6,3-4,7.0,5.0,6.550000000000001,2.3000000000000003,7.65,7.65,7.1000000000000005,4.9750000000000005,6.949,5.111999999999999,0.1230650234632076,0.10307764064044189
13,2025-12-06,24,25,BC,unknown,same_edges,3-4,5-6,7.45,4.9,7.75,7.45,6.550000000000001,2.25,7.15,4.85,6.949,5.111999999999999,0.5440082719959319,0.30413812651491096
14,2026-04-12,1,2,AB,far,cross_edges,1-4,2-3,5.239616613418531,6.964856230031949,5.047923322683706,5.942492012779552,5.49520766773163,8.05111821086262,5.271565495207668,6.996805111821086,5.112,6.949,0.128597900648653,0.04518254192885189
14,2026-04-12,26,27,AB,far,cross_edges,1-4,2-3,4.728434504792332,7.92332268370607,6.964856230031949,6.325878594249201,5.303514376996805,8.242811501597444,6.134185303514377,7.284345047923322,5.112,6.949,1.047104188272639,1.5441592298523412
14,2026-04-12,8,9,AB,far,same_edges,3-4,1-2,7.220447284345049,7.667731629392971,7.92332268370607,6.517571884984026,2.4920127795527156,6.261980830670927,5.2076677316293924,6.389776357827476,5.112,6.949,2.227582794410095,2.384208716524683
14,2026-04-12,17,18,AB,far,same_edges,3-4,1-2,4.856230031948882,6.517571884984026,7.348242811501597,6.3897763578274756,2.428115015974441,6.0702875399361025,4.888178913738019,6.2300319488817895,5.112,6.949,0.5015461045438461,0.28930942933346376
14,2026-04-12,39,40,AC,near,cross_edges,1-5,2-6,5.49520766773163,3.5782747603833864,3.450479233226837,2.6198083067092655,4.664536741214057,4.472843450479233,4.057507987220447,3.5463258785942493,4.4395,4.4395,1.3624344362427319,1.4380546242718089
14,2026-04-12,41,42,AC,near,cross_edges,1-5,2-6,5.175718849840255,4.728434504792332,3.1309904153354635,2.8753993610223643,6.261980830670927,4.664536741214057,4.696485623003195,3.7699680511182105,4.4395,4.4395,0.7908864285848497,1.0715980722842444
14,2026-04-12,51,52,AC,near,same_edges,5-6,1-2,5.559105431309904,7.092651757188499,7.412140575079872,2.3642172523961666,3.450479233226837,6.900958466453674,5.431309904153355,4.632587859424921,4.4395,4.4395,2.879710153555572,2.463381025712618
14,2026-04-12,59,60,AC,near,same_edges,5-6,1-2,6.900958466453674,5.814696485623003,6.3897763578274756,2.68370607028754,2.428115015974441,6.198083067092651,4.4089456869009584,4.440894568690096,4.4395,4.4395,2.8195643557376613,2.845603521297825
14,2026-04-12,22,23,BC,unknown,cross_edges,4-6,3-5,7.476038338658148,6.8370607028754,8.562300319488818,5.175718849840255,5.878594249201278,5.047923322683706,7.220447284345048,5.111821086261981,6.949,5.111999999999999,1.8037748859046994,1.7440695289400878
14,2026-04-12,46,47,BC,unknown,cross_edges,4-6,3-5,8.178913738019169,5.942492012779552,8.562300319488818,5.047923322683706,6.325878594249201,4.664536741214057,7.44408945686901,4.856230031948882,6.949,5.111999999999999,1.4840501292944652,1.3114617093785161
14,2026-04-12,14,15,BC,unknown,same_edges,3-4,5-6,7.0287539936102235,6.0702875399361025,7.348242811501597,6.8370607028754,6.5814696485623,3.1948881789137387,6.964856230031948,5.015974440894569,6.949,5.111999999999999,0.961600597282244,1.0562476201160729
14,2026-04-12,34,35,BC,unknown,same_edges,5-6,3-4,7.92332268370607,6.453674121405751,6.453674121405751,2.619808306709266,8.282223502373643,5.563483914522138,7.367948811889697,4.091646110615702,6.949,5.111999999999999,1.6581297114623132,2.4264411101968046
15,2025-12-06,13,14,AB,near,cross_edges,1-4,2-3,5.129026249802928,7.1035435043041675,5.62971148242564,5.87971148242564,4.678067675401125,8.221551557576348,5.1538895789133825,7.050631520000994,5.112,6.949,0.15547857699684542,0.05846249410822295
15,2025-12-06,57,58,AB,near,cross_edges,1-4,2-3,1.7993534796074222,0.6325525835253281,0.7806694938897414,0.9140465381980984,1.8370522366317108,0.34047750702665724,1.308860865260726,0.6272620226123778,5.112,6.949,7.132400362722119,0.4905211460920216
15,2025-12-06,2,3,AB,near,same_edges,3-4,1-2,5.093450166517288,7.018572084106044,7.65,7.65,2.5500000000000007,6.3,5.1000000000000005,6.975,5.112,6.949,0.07200257779479008,0.04406162538984965
15,2025-12-06,8,9,AB,near,same_edges,1-2,3-4,5.125123616750943,6.965943878390997,2.6,6.45,7.6,7.6,5.1,7.025,5.112,6.949,0.02143185319925736,0.06417804623191427
15,2025-12-06,23,24,AC,far,cross_edges,2-6,1-5,2.307387910674505,3.430842580011511,1.0776082554067365,3.370347769506295,1.6624141054587571,1.2899051215035384,1.3700111804327468,2.3301264455049164,4.4395,4.4395,2.358663128203297,1.44577008654968
15,2025-12-06,42,43,AC,far,cross_edges,2-6,1-5,1.8704214838277227,0.24624565988703928,0.41377157772093837,0.7620724453145534,1.0296429591633693,0.9270946846134924,0.7217072684421538,0.844583564964023,4.4395,4.4395,4.9176769295200895,1.2952036894947438
15,2025-12-06,46,47,AC,far,same_edges,1-2,5-6,1.2259571423126836,0.890710001402084,1.6809286455730783,0.5952480524962955,1.273509968127441,0.8752591516833365,1.4772193068502597,0.7352536020898159,4.4395,4.4395,4.787563905823269,0.2954646635644326
15,2025-12-06,54,55,AC,far,same_edges,5-6,1-2,0.49900637630743155,0.8143043970653048,0.41377157772093837,0.7620724453145534,0.49900637630743155,0.8143043970653048,0.45638897701418496,0.788188421189929,4.4395,4.4395,5.354393817968457,0.049982866248777916
15,2025-12-06,26,27,BC,unknown,cross_edges,4-6,3-5,1.365866262334431,1.837003922052281,1.2265682310349206,2.7932553691163218,1.7161565892686226,2.303753559598089,1.4713624101517717,2.5485044643572055,6.949,5.111999999999999,6.472787779869849,0.7192791244742891
15,2025-12-06,33,34,BC,unknown,cross_edges,3-5,4-6,1.3454625742863802,2.2455953718178736,0.22849431927820238,1.6952480524962983,0.2973061886554727,1.1677606328294952,0.2629002539668375,1.4315043426628966,6.949,5.111999999999999,6.294116870049137,1.3545055854909724
15,2025-12-06,19,20,BC,unknown,same_edges,5-6,3-4,1.1057726532067256,2.1449488811922164,3.403634324517519,2.082921057769134,1.6702086259349216,2.5263815961531835,2.53692147522622,2.304651326961159,6.949,5.111999999999999,6.55337303744654,1.4400318822694063
15,2025-12-06,38,39,BC,unknown,same_edges,3-4,5-6,1.4104165885438498,0.8143043970653036,0.9536509536572049,0.7317621138530583,1.4956513871303425,0.762072445314552,1.2246511703937737,0.7469172795838052,6.949,5.111999999999999,7.01042749774516,0.19761025829378867
16,2026-04-12,39,40,AB,far,cross_edges,1-4,2-3,4.920127795527157,6.964856230031949,5.878594249201278,5.942492012779552,4.0894568690095845,8.05111821086262,4.984025559105431,6.996805111821086,5.112,6.949,0.19252626542914766,0.07143987148561552
16,2026-04-12,54,55,AB,far,cross_edges,2-3,1-4,5.431309904153354,7.412140575079872,4.345047923322683,8.498402555910543,6.453674121405751,6.134185303514377,5.399361022364217,7.31629392971246,5.112,6.949,0.5625460044971773,0.101031235149149
16,2026-04-12,3,4,AB,far,same_edges,1-2,3-4,4.984025559105431,7.0287539936102235,2.428115015974441,6.3897763578274756,7.795527156549521,7.92332268370607,5.111821086261981,7.156549520766773,5.112,6.949,0.15079176707982797,0.18073016771541134
16,2026-04-12,19,20,AB,far,same_edges,1-2,3-4,4.920127795527157,7.0287539936102235,2.6837060702875397,6.645367412140574,7.7316293929712465,7.795527156549521,5.207667731629393,7.220447284345047,5.112,6.949,0.20778749323779838,0.34557999445341714
16,2026-04-12,14,15,AC,near,cross_edges,2-6,1-5,4.02555910543131,4.02555910543131,4.920127795527157,4.920127795527157,3.003194888178914,3.003194888178914,3.9616613418530355,3.9616613418530355,4.4395,4.4395,0.5854008271198922,0.09036508385770567
16,2026-04-12,26,27,AC,near,cross_edges,2-6,1-5,6.8370607028754,6.8370607028754,5.087335323459879,5.107442603049753,3.5782747603833864,3.6421725239616616,4.332805041921633,4.3748075635057075,4.4395,4.4395,3.3906628626191613,3.5119776391308206
16,2026-04-12,21,22,AC,near,same_edges,1-2,5-6,4.02555910543131,4.0894568690095845,2.4920127795527156,6.198083067092651,6.453674121405751,2.2364217252396172,4.472843450479234,4.217252396166134,4.4395,4.4395,0.5421044712506068,0.4651827405291066
16,2026-04-12,48,49,AC,near,same_edges,1-2,5-6,4.217252396166134,4.15335463258786,2.939297124600639,6.325878594249201,6.261980830670927,2.68370607028754,4.600638977635783,4.504792332268371,4.4395,4.4395,0.3623163930894152,0.520090114891365
16,2026-04-12,8,9,BC,unknown,cross_edges,4-6,3-5,7.284345047923323,5.111821086261981,8.115015974440894,4.345047923322683,6.006389776357828,6.0702875399361025,7.060702875399361,5.2076677316293924,6.949,5.111999999999999,0.3353450956504682,0.24331543469213796
16,2026-04-12,32,33,BC,unknown,cross_edges,4-6,3-5,7.092651757188499,4.984025559105431,7.92332268370607,3.8977635782747604,5.814696485623003,3.450479233226837,6.8690095846645365,3.6741214057507987,6.949,5.111999999999999,0.19238836988139557,1.3288584244783017
16,2026-04-12,44,45,BC,unknown,same_edges,5-6,3-4,7.284345047923323,5.175718849840255,6.70926517571885,2.4920127795527156,7.7316293929712465,7.7316293929712465,7.220447284345049,5.1118210862619815,6.949,5.111999999999999,0.34134497651446555,0.09036508385770442
16,2026-04-12,57,58,BC,unknown,same_edges,3-4,5-6,7.412140575079872,5.942492012779552,7.859424920127795,7.92332268370607,6.645367412140574,2.4281150159744413,7.252396166134185,5.175718849840256,6.949,5.111999999999999,0.9509028213103311,0.7832364646729234
17,2025-12-06,23,24,AB,near,cross_edges,2-3,1-4,6.800000000000001,6.45,6.35,6.65,6.35,5.75,6.35,6.2,5.112,6.949,1.7602116350030192,0.514781507049351
17,2025-12-06,51,52,AB,near,cross_edges,1-4,2-3,6.3,6.4,6.550000000000001,5.45,6.35,6.0,6.45,5.725,5.112,6.949,1.308718839170583,0.6914658342969673
17,2025-12-06,11,12,AB,near,same_edges,3-4,1-2,7.1499999999999995,7.1,6.75,7.95,6.8500000000000005,5.6000000000000005,6.800000000000001,6.775,5.112,6.949,2.0435863084293744,0.4776243293635686
17,2025-12-06,33,34,AB,near,same_edges,3-4,1-2,5.85,4.5,6.800000000000001,7.3,5.699999999999999,4.9,6.25,6.1,5.112,6.949,2.5577812650811245,1.6492422502470638
17,2025-12-06,9,10,AC,far,cross_edges,2-6,1-5,4.9,4.8,8.05,2.6500000000000004,3.8,3.95,5.925000000000001,3.3000000000000003,4.4395,4.4395,0.5848251875560769,1.816762229902416
17,2025-12-06,29,30,AC,far,cross_edges,2-6,1-5,5.550000000000001,3.5999999999999996,6.65,3.3000000000000003,5.15,3.5999999999999996,5.9,3.45,4.4395,4.4395,1.3921100890375022,0.3807886552931949
17,2025-12-06,16,17,AC,far,same_edges,5-6,1-2,6.1,5.699999999999999,6.8500000000000005,2.5,7.35,6.65,7.1,4.575,4.4395,4.4395,2.084735115068578,1.5051993223490363
17,2025-12-06,38,39,AC,far,same_edges,5-6,1-2,5.8999999999999995,5.05,6.75,2.75,5.699999999999999,4.75,6.225,3.75,4.4395,4.4395,1.5829625706250918,1.3400093283257395
17,2025-12-06,42,43,BC,unknown,cross_edges,4-6,3-5,6.05,6.0,8.05,5.25,5.300000000000001,5.2,6.675000000000001,5.225,6.949,5.111999999999999,1.2636237572948688,0.9956153875869946
17,2025-12-06,56,57,BC,unknown,cross_edges,3-5,4-6,6.1,5.1,5.4,6.0,7.9,5.45,6.65,5.725,6.949,5.111999999999999,0.8490848014185629,0.8325412902673361
17,2025-12-06,3,4,BC,unknown,same_edges,3-4,5-6,6.8999999999999995,5.949999999999999,7.5,7.5,6.550000000000001,2.7,7.025,5.1,6.949,5.111999999999999,0.8394313551446598,0.8591420138719789
17,2025-12-06,46,47,BC,unknown,same_edges,3-4,5-6,6.4,4.65,6.800000000000001,7.199999999999999,5.15,2.3000000000000003,5.9750000000000005,4.75,6.949,5.111999999999999,0.7175270029761934,0.43660622991432424
18,2026-04-12,9,10,AB,far,cross_edges,2-3,1-4,4.7923322683706076,6.8370607028754,4.536741214057508,8.242811501597444,4.920127795527157,5.7507987220447285,4.728434504792332,6.996805111821086,5.112,6.949,0.33870025817207583,0.17204999383816247
18,2026-04-12,13,14,AB,far,cross_edges,1-4,2-3,4.728434504792332,7.156549520766773,5.367412140575079,5.559105431309904,4.472843450479233,8.115015974440894,4.920127795527156,6.837060702875399,5.112,6.949,0.43611843882645057,0.3725847856131181
18,2026-04-12,37,38,AB,far,same_edges,1-2,3-4,5.047923322683706,6.645367412140574,2.6837060702875397,6.70926517571885,7.476038338658148,7.603833865814696,5.079872204472844,7.156549520766774,5.112,6.949,0.3103201072861831,0.5121795380792792
18,2026-04-12,59,60,AB,far,same_edges,1-2,3-4,4.4089456869009584,6.453674121405751,2.6198083067092655,6.5814696485623,7.348242811501597,7.539936102236422,4.984025559105431,7.060702875399361,5.112,6.949,0.8600192400012515,0.8361822573995145
18,2026-04-12,18,19,AC,near,cross_edges,1-5,2-6,4.4089456869009584,4.472843450479233,3.8338658146964857,3.706070287539936,4.856230031948882,4.728434504792332,4.345047923322683,4.217252396166134,4.4395,4.4395,0.04522556510222185,0.2634572284739718
18,2026-04-12,31,32,AC,near,cross_edges,2-6,1-5,4.4089456869009584,4.536741214057508,4.920127795527157,4.984025559105431,3.8338658146964857,3.8977635782747604,4.376996805111821,4.440894568690096,4.4395,4.4395,0.10192850317910272,0.10103123514914927
18,2026-04-12,4,5,AC,near,same_edges,5-6,1-2,4.345047923322683,4.281150159744409,6.198083067092651,2.492012779552716,2.4920127795527156,5.7507987220447285,4.345047923322683,4.121405750798722,4.4395,4.4395,0.18437968081550846,0.15974440894568698
18,2026-04-12,42,43,AC,near,same_edges,1-2,5-6,4.4089456869009584,4.472843450479233,2.300319488817891,6.8370607028754,6.517571884984026,2.5559105431309908,4.4089456869009584,4.696485623003195,4.4395,4.4395,0.04522556510222185,0.22364217252396212
18,2026-04-12,28,29,BC,unknown,cross_edges,4-6,3-5,6.70926517571885,4.4089456869009584,8.211410584461156,3.804157379263925,5.686900958466453,5.175718849840255,6.949155771463804,4.48993811455209,6.949,5.111999999999999,0.7428042495437662,0.2531941374986645
18,2026-04-12,46,47,BC,unknown,cross_edges,3-5,4-6,7.156549520766773,3.067092651757189,5.111821086261981,5.047923322683706,7.92332268370607,3.9616613418530355,6.517571884984026,4.504792332268371,6.949,5.111999999999999,2.05541306468261,1.573299968338036
18,2026-04-12,21,22,BC,unknown,same_edges,5-6,3-4,6.773162939297125,5.303514376996805,6.3897763578274756,1.9169329073482433,7.412140575079872,7.7316293929712465,6.900958466453673,4.824281150159745,6.949,5.111999999999999,0.2599931316652448,0.4959800222447283
18,2026-04-12,53,54,BC,unknown,same_edges,3-4,5-6,6.645367412140574,4.600638977635782,7.348242811501597,7.539936102236422,6.261980830670927,2.5559105431309908,6.805111821086262,5.047923322683706,6.949,5.111999999999999,0.5947124041110872,0.47495427307726973
20,2026-04-12,23,24,AB,far,cross_edges,1-4,2-3,4.536741214057508,6.964856230031949,5.431309904153354,5.559105431309904,4.472843450479233,8.434504792332268,4.952076677316294,6.996805111821086,5.112,6.949,0.5754772722139913,0.4165624540065588
20,2026-04-12,45,46,AB,far,cross_edges,1-4,2-3,4.920127795527157,7.348242811501597,5.367412140575079,5.175718849840255,4.281150159744409,8.498402555910543,4.824281150159744,6.837060702875399,5.112,6.949,0.44295571492528313,0.5200901148913649
20,2026-04-12,47,48,AB,far,cross_edges,2-3,1-4,4.472843450479233,7.156549520766773,4.472843450479233,8.370607028753994,5.111821086261981,5.367412140575079,4.792332268370607,6.869009584664537,5.112,6.949,0.6720103409664246,0.42982824431545347
20,2026-04-12,7,8,AB,far,same_edges,3-4,1-2,4.984025559105431,6.773162939297125,7.7316293929712465,7.539936102236422,2.6198083067092655,6.70926517571885,5.175718849840256,7.124600638977636,5.112,6.949,0.21747673309782847,0.4003183414102774
20,2026-04-12,16,17,AB,far,same_edges,1-2,3-4,4.856230031948882,6.645367412140574,2.6198083067092655,6.325878594249201,8.05111821086262,7.667731629392971,5.335463258785943,6.996805111821086,5.112,6.949,0.3970025503281834,0.594283553921351
20,2026-04-12,11,12,AC,near,cross_edges,2-6,1-5,4.4089456869009584,4.4089456869009584,5.111821086261981,5.111821086261981,3.769968051118211,3.8338658146964857,4.440894568690096,4.472843450479234,4.4395,4.4395,0.04321032397365816,0.07143987148561672
20,2026-04-12,59,60,AC,near,cross_edges,1-5,2-6,4.324265214043076,4.278347930488586,3.706070287539936,3.5782747603833864,5.239616613418531,5.111821086261981,4.472843450479234,4.345047923322683,4.4395,4.4395,0.19811371835980865,0.16286307557745355
20,2026-04-12,38,39,AC,near,same_edges,5-6,1-2,4.9472745865833305,4.393110664454159,5.878594249201278,2.7476038338658153,2.5559105431309903,6.3897763578274756,4.217252396166134,4.568690095846645,4.4395,4.4395,0.5098892048595038,0.7508398865468127
20,2026-04-12,41,42,AC,near,same_edges,5-6,1-2,4.15335463258786,4.0894568690095845,5.878594249201278,2.619808306709266,2.747603833865815,6.0702875399361025,4.313099041533547,4.345047923322684,4.4395,4.4395,0.45211653900847476,0.30140514798902945
20,2026-04-12,28,29,BC,unknown,cross_edges,4-6,3-5,7.220447284345049,4.600638977635782,8.498402555910543,4.728434504792332,5.49520766773163,5.814696485623003,6.996805111821086,5.271565495207668,6.949,5.111999999999999,0.5789418998238763,0.7072186460440474
20,2026-04-12,52,53,BC,unknown,cross_edges,4-6,3-5,7.485828762611957,4.956722545605455,8.178913738019169,4.4089456869009584,5.49520766773163,5.7507987220447285,6.8370607028754,5.079872204472844,6.949,5.111999999999999,0.5588346877304012,0.6603528101049405
20,2026-04-12,1,2,BC,unknown,same_edges,3-4,5-6,6.453674121405751,4.7923322683706076,7.795527156549521,7.603833865814696,6.5814696485623,2.8753993610223647,7.18849840255591,5.23961661341853,6.949,5.111999999999999,0.5895211486030384,0.8602499691908149
20,2026-04-12,32,33,BC,unknown,same_edges,3-4,5-6,6.695906905652695,5.495907745000858,7.859424920127795,7.7316293929712465,6.198083067092651,2.4281150159744413,7.0287539936102235,5.079872204472844,6.949,5.111999999999999,0.4598274361952953,0.5327971048572278
21,2025-12-09,21,22,AB,near,cross_edges,1-4,2-3,4.632834971978785,6.156309307072966,5.656854249492396,5.656854249492396,4.490128060534583,6.990128060534582,5.073491155013489,6.323491155013489,5.112,6.949,0.9262600383972699,0.47130419256306444
21,2025-12-09,37,38,AB,near,cross_edges,2-3,1-4,4.55118650831176,7.252138318693108,4.514588972214324,8.520673810883562,5.273386383962528,5.644143850740687,4.8939876780884255,7.082408830812124,5.112,6.949,0.6374987158572477,0.3825189420886123
21,2025-12-09,19,20,AB,near,same_edges,3-4,1-2,4.477725020245735,6.915645757339519,7.1064231509248295,7.406423150924829,2.3029115978083037,7.828124074760203,4.704667374366567,7.617273612842516,5.112,6.949,0.6351513642004772,0.7374174392510935
21,2025-12-09,29,30,AB,near,same_edges,1-2,3-4,6.2713991583745425,7.289524447602793,2.123337118856757,6.106583702481827,7.15957911310006,7.369439753398648,4.641458115978408,6.738011727940238,5.112,6.949,1.2083721727409915,1.7207190594739703
21,2025-12-09,13,14,AC,far,cross_edges,2-6,1-5,4.23129896464748,4.539009343141195,5.020458146424498,5.020458146424498,4.030508652763324,3.780508652763323,4.525483399593911,4.40048339959391,4.4395,4.4395,0.23075913956819413,0.32516752420931655
21,2025-12-09,43,44,AC,far,cross_edges,2-6,1-5,4.652784617239034,5.65837608576791,5.197234841721137,5.297234841721136,4.171930009000635,3.9719300090006335,4.684582425360886,4.634582425360884,4.4395,4.4395,1.2373961533832658,1.0242873423463603
21,2025-12-09,7,8,AC,far,same_edges,1-2,5-6,4.000183125991937,5.706265598232365,3.4827321931629935,7.064779572426636,6.6559366422843125,4.237245152172838,5.069334417723653,5.651012362299737,4.4395,4.4395,1.3407812635375014,1.0705780703398624
21,2025-12-09,33,34,AC,far,same_edges,5-6,1-2,4.598678685158627,4.620963755084164,6.739235381570795,2.2280492103197878,1.9521591488800516,5.381328054009986,4.345697265225423,3.8046886321648867,4.4395,4.4395,0.24138547640252694,0.8545786535646095
21,2025-12-09,46,47,BC,unknown,cross_edges,3-5,4-6,7.256040161727885,4.272260401289546,5.924826277415058,5.781984951545062,8.595277301009162,3.8043740370413097,7.26005178921211,4.793179494293186,6.949,5.111999999999999,0.8941119921778699,0.5209345396600302
21,2025-12-09,54,55,BC,unknown,cross_edges,4-6,3-5,6.954999805037463,4.79676888980737,7.358482458100585,4.402363959303919,5.5822812833945825,7.353478731490673,6.470381870747584,5.877921345397296,6.949,5.111999999999999,0.3152882022749425,1.1847975246697289
21,2025-12-09,2,3,BC,unknown,same_edges,3-4,5-6,6.664156635052828,6.21890425214003,6.929646455628192,6.92964645562819,6.413777115535399,5.011302651083007,6.671711785581795,5.970474553355599,6.949,5.111999999999999,1.1429666512895764,0.2485445544316722
21,2025-12-09,56,57,BC,unknown,same_edges,3-4,5-6,6.5613634712725135,3.739819944154013,7.272844507162141,7.541145777351361,6.301492107116608,4.810549157867184,6.787168307139375,6.175847467609273,6.949,5.111999999999999,1.4258822476156259,2.4464705023630327
23,2025-12-09,27,28,AB,near,cross_edges,2-3,1-4,4.6000000000000005,6.8999999999999995,3.5500000000000007,8.7,5.35197792270444,5.044536900183437,4.45098896135222,6.872268450091719,5.112,6.949,0.5143393821204046,0.15156955003959693
23,2025-12-09,51,52,AB,near,cross_edges,1-4,2-3,4.3,4.85,4.893284720297403,5.356446185590416,3.7448607553296465,8.346259835910978,4.319072737813524,6.851353010750697,5.112,6.949,2.250587701023891,2.0014438895378968
23,2025-12-09,9,10,AB,near,same_edges,1-2,3-4,5.05,7.45,2.45,5.6499999999999995,7.05,7.3,4.75,6.475,5.112,6.949,0.5048217507199946,1.0201102881551587
23,2025-12-09,33,34,AB,near,same_edges,1-2,3-4,5.097601685820504,5.441587923425148,1.2000000000000004,7.45,6.550000000000001,7.1499999999999995,3.8750000000000004,7.3,5.112,6.949,1.5074808390340881,2.2245112561033245
23,2025-12-09,23,24,AC,far,cross_edges,1-5,2-6,4.1499999999999995,4.6000000000000005,1.5,1.7999999999999998,4.65,4.6000000000000005,3.075,3.2,4.4395,4.4395,0.3310143501421055,1.7651133108103851
23,2025-12-09,39,40,AC,far,cross_edges,1-5,2-6,3.8,3.9000000000000004,2.8438293705148494,2.875459610467212,4.288636402364942,4.372906133756703,3.5662328864398956,3.6241828721119576,4.4395,4.4395,0.8366722775376266,0.3615551844720687
23,2025-12-09,1,2,AC,far,same_edges,1-2,5-6,4.306555719779858,4.587626492754657,2.776185906399501,5.468783472537535,5.949999999999999,2.0999999999999783,4.36309295319975,3.7843917362687565,4.4395,4.4395,0.19903677926214283,0.8052220394336825
23,2025-12-09,46,47,AC,far,same_edges,5-6,1-2,2.2500000000000004,4.1,6.0,3.15,2.4000000000000004,6.7,4.2,4.925,4.4395,4.4395,2.215664798655247,2.1173391320239654
23,2025-12-09,42,43,BC,unknown,cross_edges,3-5,4-6,4.55,5.1,5.044521144098278,5.600676442512993,4.9,6.0,4.972260572049139,5.800338221256497,6.949,5.111999999999999,2.3990300123174784,0.8177882457335642
23,2025-12-09,58,59,BC,unknown,cross_edges,3-5,4-6,5.698835667993885,4.052595280429413,4.65,5.699999999999999,6.999039547938003,3.102364626427372,5.824519773969001,4.401182313213686,6.949,5.111999999999999,1.6386730048636085,0.37055284902441066
23,2025-12-09,13,14,BC,unknown,same_edges,5-6,3-4,7.95,5.2,2.7,4.65,6.45,6.75,4.575,5.7,6.949,5.111999999999999,1.004860686861617,3.4118360159890453
23,2025-12-09,17,18,BC,unknown,same_edges,3-4,5-6,6.8500000000000005,5.0,7.35,7.4,6.4,2.45,6.875,4.925000000000001,6.949,5.111999999999999,0.14948244044033962,0.07905694150420864
29,2026-03-16,6,7,AB,near,cross_edges,1-4,2-3,5.46916890080429,7.453083109919572,6.058981233243967,6.112600536193029,4.986595174262734,8.525469168900804,5.5227882037533504,7.319034852546917,5.112,6.949,0.6177939829813264,0.14437439161218527
29,2026-03-16,44,45,AB,near,cross_edges,1-4,2-3,5.201072386058981,7.131367292225201,5.576407506702413,5.844504021447721,4.50402144772118,8.36461126005362,5.040214477211796,7.10455764075067,5.112,6.949,0.2029574320683828,0.16307674343963074
29,2026-03-16,24,25,AB,near,same_edges,3-4,1-2,5.844504021447721,7.506702412868632,7.6675603217158175,8.04289544235925,2.5737265415549597,6.380697050938338,5.120643431635388,7.2117962466487935,5.112,6.949,0.9206487510210272,0.7816289403277883
29,2026-03-16,52,53,AB,near,same_edges,3-4,1-2,4.879356568364611,6.7560321715817695,8.09651474530831,7.39946380697051,2.520107238605898,6.487935656836461,5.308310991957104,6.943699731903486,5.112,6.949,0.30225742188991417,0.4682104342244764
29,2026-03-16,47,48,AC,far,cross_edges,1-5,2-6,4.18230563002681,4.664879356568364,3.485254691689008,3.6461126005361932,5.415549597855228,5.46916890080429,4.450402144772118,4.557640750670242,4.4395,4.4395,0.34197192620604994,0.28874878322437003
29,2026-03-16,56,57,AC,far,cross_edges,1-5,2-6,4.396782841823057,4.6112600536193025,3.806970509383378,3.53887399463807,5.1474530831099194,5.737265415549598,4.477211796246649,4.638069705093834,4.4395,4.4395,0.1769922925497597,0.08477956193480887
29,2026-03-16,27,28,AC,far,same_edges,5-6,1-2,5.093833780160858,5.1474530831099194,6.380697050938338,2.5737265415549606,2.5737265415549597,6.595174262734584,4.477211796246649,4.584450402144773,4.4395,4.4395,0.964028144684811,0.8349818499945
29,2026-03-16,33,34,AC,far,same_edges,1-2,5-6,4.450402144772118,4.6112600536193025,2.4128686327077746,7.024128686327078,6.327077747989276,2.520107238605899,4.369973190348525,4.7721179624664884,4.4395,4.4395,0.17210570234579087,0.17984460945038633
29,2026-03-16,4,5,BC,unknown,cross_edges,3-5,4-6,7.560321715817694,4.772117962466488,5.79088471849866,5.361930294906166,8.68632707774799,5.46916890080429,7.238605898123325,5.415549597855228,6.949,5.111999999999999,0.69945267149981,0.719378437801541
29,2026-03-16,14,15,BC,unknown,cross_edges,3-5,4-6,7.131367292225201,5.3083109919571045,5.79088471849866,5.737265415549598,8.68632707774799,5.3083109919571045,7.238605898123325,5.522788203753351,6.949,5.111999999999999,0.2679474479011411,0.2397928126005138
29,2026-03-16,17,18,BC,unknown,same_edges,3-4,5-6,7.613941018766756,5.415549597855228,7.828418230563003,8.150134048257373,6.273458445040214,2.4664879356568368,7.050938337801608,5.3083109919571045,6.949,5.111999999999999,0.7309506938204808,0.5731248881080951
29,2026-03-16,37,38,BC,unknown,same_edges,5-6,3-4,7.184986595174263,4.986595174262734,6.273458445040214,2.4664879356568368,7.39946380697051,7.935656836461126,6.8364611260053625,5.201072386058981,6.949,5.111999999999999,0.2672378031269816,0.4092315689671245
31,2026-03-16,31,32,AB,near,cross_edges,1-4,2-3,5.692126491522357,6.932208862913354,5.685279205851893,5.995642034234333,4.385026737967913,8.150827329735893,5.035152971909904,7.073234681985113,5.112,6.949,0.5803694413480966,0.671939347796239
31,2026-03-16,54,55,AB,near,cross_edges,2-3,1-4,5.476214822674569,7.745703524248965,4.397345742863713,8.38897274654482,5.764041742511653,7.541452975305013,5.080693742687683,7.965212860924916,5.112,6.949,0.8760073873013794,0.4523508302213105
31,2026-03-16,37,38,AB,near,same_edges,3-4,1-2,4.9526089235037976,7.106521893537046,7.548964254658808,7.605225184311516,2.700534759358288,6.529924167572477,5.124749507008548,7.067574675941996,5.112,6.949,0.22409520791421397,0.17649154724165114
31,2026-03-16,44,45,AB,near,same_edges,1-2,3-4,5.211650006123168,6.878807599230824,2.5021520458552433,6.71334011502462,7.619559110582789,7.636539795248652,5.060855578219016,7.174939955136636,5.112,6.949,0.12188969130360464,0.33231510904752265
31,2026-03-16,1,2,AC,far,cross_edges,1-5,2-6,4.323829604004009,3.363544224477683,2.7400764697525566,2.858844462636485,5.936231802325079,5.854950926237006,4.338154136038818,4.3568976944367455,4.4395,4.4395,1.0821554746845292,0.9934567471700647
31,2026-03-16,57,58,AC,far,cross_edges,1-5,2-6,4.297883522848981,4.361160885729475,3.4545291479663827,3.512457550142099,5.791491250033106,5.645308733088937,4.6230101989997445,4.578883141615518,4.4395,4.4395,0.16184017864966513,0.3912931589651822
31,2026-03-16,9,10,AC,far,same_edges,5-6,1-2,5.267379679144385,4.955332524328101,6.617177548717273,2.604211237543264,2.229652372065552,6.749018776603791,4.423414960391413,4.6766150070735275,4.4395,4.4395,0.9754321894908492,0.8887968839528734
31,2026-03-16,48,49,AC,far,same_edges,1-2,5-6,4.664583271292991,5.175987556936884,2.165775401069518,6.807793281086189,6.758083119759284,2.533484189278032,4.461929260414401,4.670638735182111,4.4395,4.4395,0.7701145372857306,0.5444686214779667
31,2026-03-16,13,14,BC,unknown,cross_edges,3-5,4-6,7.341944880870555,5.23638455313257,6.00415043432829,5.161363091042345,8.445117094295679,5.277943160697129,7.224633764311984,5.219653125869737,6.949,5.111999999999999,0.41216161449165073,0.11849826465594357
31,2026-03-16,17,18,BC,unknown,cross_edges,3-5,4-6,7.069260048346272,5.042332784824529,5.850610058776998,5.11170873043892,8.435603276755055,5.106384877669964,7.143106667766027,5.109046804054442,6.949,5.111999999999999,0.13898201357928633,0.09951926226382181
31,2026-03-16,24,25,BC,unknown,same_edges,5-6,3-4,6.730419935914819,5.057366263993793,6.733245360718254,2.7225501735525084,7.107325710161501,7.522107969182429,6.920285535439877,5.122329071367469,6.949,5.111999999999999,0.22530443742962017,0.20067165276859386
31,2026-03-16,28,29,BC,unknown,same_edges,3-4,5-6,7.544858288326894,5.112751055924037,7.8756488715984165,7.527751712365816,6.960172631048557,2.503642994923875,7.417910751323487,5.015697353644846,6.949,5.111999999999999,0.5958587616649248,0.15979705340627956
35,2025-07-18,6,7,AB,near,cross_edges,2-3,1-4,5.201072386058981,7.184986595174263,3.9142091152815013,8.525469168900804,7.024128686327078,3.806970509383378,5.46916890080429,6.166219839142091,5.112,6.949,0.2522371167377668,1.0534521557312875
35,2025-07-18,31,32,AB,near,cross_edges,2-3,1-4,5.093833780160858,6.863270777479893,4.343163538873995,8.257372654155496,6.166219839142091,5.522788203753351,5.254691689008043,6.890080428954423,5.112,6.949,0.08763281997714134,0.16307674343963058
35,2025-07-18,2,3,AB,near,same_edges,1-2,3-4,5.040214477211796,6.434316353887399,2.9450200756837264,6.32056180125265,7.6675603217158175,7.238605898123325,5.306290198699772,6.779583849687987,5.112,6.949,0.519665677967803,0.4358967001730523
35,2025-07-18,24,25,AB,near,same_edges,1-2,3-4,4.879356568364611,6.273458445040214,2.734584450402145,6.273458445040215,7.07774798927614,6.809651474530831,4.906166219839142,6.541554959785524,5.112,6.949,0.7144783822905876,0.2694336627646362
35,2025-07-18,13,14,AC,far,cross_edges,2-6,1-5,4.396782841823057,4.50402144772118,4.772117962466488,5.46916890080429,3.2662949930310416,3.3347181410627122,4.019206477748765,4.401943520933501,4.4395,4.4395,0.07738070055738042,0.39113145340771693
35,2025-07-18,27,28,AC,far,cross_edges,1-5,2-6,3.4316353887399464,3.9142091152815013,3.5604202228306288,3.4804782712625855,4.879356568364611,5.3083109919571045,4.21988839559762,4.3943946316098454,4.4395,4.4395,1.1365393034113345,0.9229956299526458
35,2025-07-18,38,39,AC,far,same_edges,1-2,5-6,4.021447721179625,3.9142091152815013,2.841823056300268,5.951742627345844,6.166219839142091,2.7882037533512065,4.504021447721179,4.369973190348525,4.4395,4.4395,0.6713406150347613,0.6637757856911495
35,2025-07-18,43,44,AC,far,same_edges,1-2,5-6,3.5924932975871315,5.79088471849866,2.520107238605898,6.273458445040214,4.718498659517426,4.289544235924933,3.619302949061662,5.281501340482574,4.4395,4.4395,1.594885892885138,0.510088407250414
35,2025-07-18,19,20,BC,unknown,cross_edges,4-6,3-5,6.005361930294906,5.415549597855228,8.04289544235925,4.772117962466488,5.46916890080429,5.040214477211796,6.7560321715817695,4.906166219839141,6.949,5.111999999999999,0.9912593832871531,0.9071809284551553
35,2025-07-18,52,53,BC,unknown,cross_edges,3-5,4-6,6.7560321715817695,5.093833780160858,5.522788203753351,5.201072386058981,7.989276139410188,4.772117962466488,6.7560321715817695,4.986595174262734,6.949,5.111999999999999,0.19382103690696634,0.1072386058981234
35,2025-07-18,49,50,BC,unknown,same_edges,3-4,5-6,6.112600536193029,5.254691689008043,7.024128686327078,6.595174262734584,4.879356568364611,4.557640750670242,5.951742627345844,5.576407506702413,6.949,5.111999999999999,0.8484839310019704,0.3596892189007707
35,2025-07-18,57,58,BC,unknown,same_edges,5-6,3-4,6.27316451147551,5.051439347183474,5.361930294906166,5.3083109919571045,6.995240247563624,6.696198117426092,6.178585271234895,6.002254554691598,6.949,5.111999999999999,0.6785434401854453,0.9555076093434363
37,2026-03-22,4,5,AB,near,cross_edges,1-4,2-3,4.932975871313673,6.7560321715817695,5.630026809651475,6.005361930294906,4.075067024128686,8.257372654155496,4.8525469168900806,7.131367292225201,5.112,6.949,0.2632227601411898,0.3838557925811356
37,2026-03-22,58,59,AB,near,cross_edges,2-3,1-4,4.986595174262734,6.702412868632708,4.289544235924933,8.257372654155496,5.79088471849866,6.005361930294906,5.040214477211796,7.131367292225201,5.112,6.949,0.27664342333434233,0.43229264065943995
37,2026-03-22,43,44,AB,near,same_edges,1-2,3-4,4.718498659517426,6.648793565683646,2.5200337552147225,5.579213724195333,7.2922252010723865,7.238605898123325,4.906129478143555,6.4089098111593295,5.112,6.949,0.4949416209680916,0.30454809108414055
37,2026-03-22,46,47,AB,near,same_edges,1-2,3-4,5.040214477211796,6.648793565683646,2.520107238605898,6.380697050938338,7.453083109919572,7.184986595174263,4.986595174262735,6.7828418230563,5.112,6.949,0.30866983086611327,0.14437439161218446
37,2026-03-22,6,7,AC,far,cross_edges,1-5,2-6,4.3403573213810756,4.289470752533758,3.2707774798927614,3.1099195710455763,5.3083109919571045,5.415549597855228,4.289544235924933,4.262734584450402,4.4395,4.4395,0.17982782270555972,0.05741770055788267
37,2026-03-22,28,29,AC,far,cross_edges,2-6,1-5,4.075067024128686,4.450402144772118,4.450402144772118,5.040214477211796,3.53887399463807,3.485254691689008,3.9946380697050943,4.262734584450402,4.4395,4.4395,0.364596010212747,0.20417622267731694
37,2026-03-22,19,20,AC,far,same_edges,5-6,1-2,4.128686327077748,4.021447721179625,6.058981233243967,2.6273458445040214,2.520107238605898,5.683646112600536,4.289544235924932,4.155495978552279,4.4395,4.4395,0.5209345900420984,0.20939007174012453
37,2026-03-22,51,52,AC,far,same_edges,1-2,5-6,4.450402144772118,3.5924932975871315,2.520107238605898,6.380697050938338,6.391319579742818,2.248924421431211,4.455713409174358,4.314810736184774,4.4395,4.4395,0.8470768623288878,0.7223369654335915
37,2026-03-22,24,25,BC,unknown,cross_edges,3-5,4-6,6.916890080428955,4.879356568364611,1.1796246648793565,6.005361930294906,8.68632707774799,4.9329758713136735,4.932975871313673,5.46916890080429,6.949,5.111999999999999,0.23484891572657635,2.069732875669575
37,2026-03-22,39,40,BC,unknown,cross_edges,4-6,3-5,6.916890080428955,4.932975871313673,8.847184986595174,5.093833780160859,5.737265415549598,5.1474530831099194,7.292225201072386,5.120643431635389,6.949,5.111999999999999,0.18188096543277255,0.41963742205089855
37,2026-03-22,14,15,BC,unknown,same_edges,3-4,5-6,7.184986595174263,5.093833780160858,7.131367292225201,7.2922252010723865,6.434316353887399,3.6461126005361932,6.7828418230563,5.46916890080429,6.949,5.111999999999999,0.23668477907374108,0.5500880570692551
37,2026-03-22,31,32,BC,unknown,same_edges,5-6,3-4,6.7560321715817695,4.6112600536193025,6.273458445040214,2.4128686327077755,7.238605898123325,7.184986595174263,6.7560321715817695,4.79892761394102,6.949,5.111999999999999,0.5366349566565625,0.18766756032171727
39,2026-03-22,7,8,AB,near,cross_edges,2-3,1-4,5.989304812834224,7.433155080213903,5.401069518716578,7.914438502673797,5.935828877005348,5.561497326203209,5.668449197860963,6.737967914438503,5.112,6.949,1.0020328718754805,0.7656588803891086
39,2026-03-22,11,12,AB,near,cross_edges,2-3,1-4,5.882352941176471,7.165775401069519,5.401069518716578,8.128342245989305,5.508021390374331,5.668449197860963,5.454545454545455,6.898395721925134,5.112,6.949,0.8002719715747204,0.5044909696286954
39,2026-03-22,33,34,AB,near,same_edges,1-2,3-4,5.935828877005348,6.042780748663102,2.6737967914438503,6.577540106951871,8.449197860962567,6.8449197860962565,5.561497326203209,6.711229946524064,5.112,6.949,1.2247152118274276,0.766125603309861
39,2026-03-22,49,50,AB,near,same_edges,1-2,3-4,4.867482751012132,7.852266058817503,2.8342245989304815,7.058823529411765,8.074866310160427,7.219251336898395,5.454545454545454,7.13903743315508,5.112,6.949,0.9357768206491867,0.9237627890016797
39,2026-03-22,3,4,AC,far,cross_edges,2-6,1-5,4.331550802139038,4.171122994652406,5.614973262032086,5.508021390374331,3.048128342245989,2.9411764705882355,4.331550802139038,4.224598930481283,4.4395,4.4395,0.2892736529968939,0.05347593582887722
39,2026-03-22,53,54,AC,far,cross_edges,2-6,1-5,4.545454545454545,4.919786096256685,5.187165775401069,5.828877005347594,3.9572192513368987,3.7967914438502675,4.572192513368984,4.81283422459893,4.4395,4.4395,0.49183442331740546,0.11024346592560644
39,2026-03-22,23,24,AC,far,same_edges,1-2,5-6,4.331550802139038,4.545454545454545,3.1016042780748663,6.684491978609626,6.470588235294118,2.1925133689839575,4.786096256684492,4.438502673796791,4.4395,4.4395,0.15125936341696136,0.46695853466772624
39,2026-03-22,36,37,AC,far,same_edges,1-2,5-6,4.224598930481283,3.9572192513368987,2.8877005347593583,6.8449197860962565,6.149732620320856,2.941176470588236,4.518716577540108,4.8930481283422465,4.4395,4.4395,0.5279935512971058,0.9809591619167993
39,2026-03-22,18,19,BC,unknown,cross_edges,3-5,4-6,6.577540106951871,5.240641711229946,5.454545454545454,4.705882352941177,8.02139037433155,5.187165775401069,6.737967914438503,4.946524064171123,6.949,5.111999999999999,0.3931044924844998,0.33502577770432285
39,2026-03-22,42,43,BC,unknown,cross_edges,4-6,3-5,7.433155080213903,5.240641711229946,8.181818181818182,4.919786096256685,5.882352941176471,4.010695187165775,7.032085561497326,4.46524064171123,6.949,5.111999999999999,0.5009539215986839,0.8729854394285831
39,2026-03-22,28,29,BC,unknown,same_edges,5-6,3-4,6.951871657754011,4.866310160427807,6.363636363636363,2.4598930481283428,7.86096256684492,7.165775401069519,7.112299465240642,4.812834224598931,6.949,5.111999999999999,0.2457066211709923,0.16910575722825513
39,2026-03-22,57,58,BC,unknown,same_edges,3-4,5-6,7.593582887700535,5.240641711229946,8.02139037433155,6.898395721925134,6.149732620320856,2.941176470588236,7.0855614973262036,4.919786096256685,6.949,5.111999999999999,0.6572942940453155,0.6008610977070645
41,2026-03-22,3,4,AB,near,cross_edges,2-3,1-4,5.1336898395721935,7.593582887700535,3.2620320855614975,8.235294117647058,5.454545454545454,7.058823529411765,4.358288770053476,7.647058823529411,5.112,6.949,0.6449477097075608,0.7772428798796069
41,2026-03-22,12,13,AB,near,cross_edges,1-4,2-3,4.833121381297049,7.529773497347305,5.294117647058823,6.684491978609626,3.9572192513368987,7.807486631016043,4.625668449197861,7.245989304812834,5.112,6.949,0.6442601486904853,0.35152551396590254
41,2026-03-22,6,7,AB,near,same_edges,3-4,1-2,5.133089108942876,8.12555734335154,7.754010695187166,8.02139037433155,2.6737967914438503,7.058823529411765,5.213903743315508,7.540106951871659,5.112,6.949,1.1767463332045858,0.5910018324952372
41,2026-03-22,51,52,AB,near,same_edges,3-4,1-2,5.294117647058823,7.32620320855615,7.914438502673797,7.165775401069519,2.4598930481283423,6.310160427807486,5.18716577540107,6.737967914438503,5.112,6.949,0.41886644400727113,0.5978791383689274
41,2026-03-22,44,45,AC,far,cross_edges,2-6,1-5,3.8502673796791442,4.010695187165775,5.240641711229946,5.240641711229946,3.155080213903743,2.8342245989304815,4.197860962566844,4.037433155080214,4.4395,4.4395,0.7287445700380729,0.34862044947607707
41,2026-03-22,48,49,AC,far,cross_edges,1-5,2-6,4.091066921959559,4.321016762006535,3.2085561497326203,2.8342245989304815,5.6420257806792184,4.518875349302147,4.425290965205919,3.6765499741163143,4.4395,4.4395,0.36802702014682537,0.725977376904738
41,2026-03-22,21,22,AC,far,same_edges,5-6,1-2,4.652406417112299,5.080213903743315,7.00194814871601,2.1898017532577128,2.5133689839572195,7.058823529411765,4.757658566336614,4.624312641334739,4.4395,4.4395,0.6751617946074816,0.46789312452959936
41,2026-03-22,32,33,AC,far,same_edges,5-6,1-2,4.278074866310161,4.010695187165775,6.8449197860962565,2.4064171122994655,2.5668449197860967,6.524064171122995,4.705882352941177,4.4652406417112305,4.4395,4.4395,0.4581829779646736,0.6242041459854951
41,2026-03-22,16,17,BC,unknown,cross_edges,3-5,4-6,7.379679144385026,6.310160427807486,5.668449197860963,5.668449197860963,8.074866310160427,5.401069518716578,6.871657754010695,5.53475935828877,6.949,5.111999999999999,1.2732136255051774,0.9270019156876844
41,2026-03-22,57,58,BC,unknown,cross_edges,4-6,3-5,6.363636363636363,5.935828877005348,7.807486631016043,4.171122994652406,5.721925133689839,6.2032085561497325,6.764705882352941,5.18716577540107,6.949,5.111999999999999,1.010615953448566,0.849325143009016
41,2026-03-22,29,30,BC,unknown,same_edges,5-6,3-4,7.379679144385026,6.737967914438503,6.79144385026738,2.6737967914438503,7.647058823529411,8.02139037433155,7.219251336898395,5.347593582887701,6.949,5.111999999999999,1.6820392932960024,1.3995991794975833
41,2026-03-22,39,40,BC,unknown,same_edges,3-4,5-6,7.058823529411765,5.935828877005348,7.433155080213903,7.7005347593582885,6.577540106951871,2.4064171122994655,7.005347593582887,5.053475935828877,6.949,5.111999999999999,0.8311168547204125,0.8839719387602432
43,2026-03-26,39,40,AB,near,cross_edges,1-4,2-3,5.508021390374331,7.647058823529411,6.149732620320856,6.096256684491978,5.187165775401069,8.235294117647058,5.668449197860962,7.165775401069518,5.112,6.949,0.8025702852344363,0.5073172716847668
43,2026-03-26,54,55,AB,near,cross_edges,2-3,1-4,5.347593582887701,7.32620320855615,4.919786096256685,7.914438502673797,5.614973262032086,6.2032085561497325,5.267379679144385,7.0588235294117645,5.112,6.949,0.44473205061353305,0.27915258045215385
43,2026-03-26,3,4,AB,near,same_edges,1-2,3-4,4.901780402488878,6.800792470274314,2.5133689839572195,6.363636363636363,7.433155080213903,7.219251336898395,4.973262032085561,6.791443850267379,5.112,6.949,0.2572114908885839,0.0720903604223991
43,2026-03-26,19,20,AB,near,same_edges,1-2,3-4,5.026737967914439,7.32620320855615,2.406417112299465,6.256684491978609,7.754010695187166,8.02139037433155,5.080213903743315,7.13903743315508,5.112,6.949,0.38671937456043437,0.19465534463316905
43,2026-03-26,14,15,AC,far,cross_edges,2-6,1-5,4.545454545454545,4.919786096256685,5.508021390374331,5.561497326203209,3.5294117647058827,3.4759358288770055,4.518716577540107,4.518716577540107,4.4395,4.4395,0.49183442331740546,0.4019597962131796
43,2026-03-26,26,27,AC,far,cross_edges,2-6,1-5,4.81283422459893,4.545454545454545,5.561497326203209,6.042780748663102,3.689839572192513,3.4224598930481283,4.62566844919786,4.732620320855615,4.4395,4.4395,0.38807835414947317,0.26469237798426953
43,2026-03-26,21,22,AC,far,same_edges,1-2,5-6,4.385026737967914,4.438502673796791,2.4598930481283423,6.042780748663102,6.951871657754011,1.4973262032085566,4.705882352941177,3.7700534759358293,4.4395,4.4395,0.05448239106327715,0.7414665574257777
43,2026-03-26,48,49,AC,far,same_edges,1-2,5-6,4.652406417112299,5.026737967914439,2.5668449197860967,6.684491978609626,6.363636363636363,2.4598930481283428,4.46524064171123,4.572192513368984,4.4395,4.4395,0.6246419561699939,0.49157155911364325
43,2026-03-26,8,9,BC,unknown,cross_edges,4-6,3-5,7.32620320855615,5.614973262032086,8.074866310160427,4.919786096256685,5.721925133689839,5.454545454545454,6.898395721925134,5.18716577540107,6.949,5.111999999999999,0.6287005351232432,0.6050111496783294
43,2026-03-26,32,33,BC,unknown,cross_edges,4-6,3-5,7.112299465240641,5.882352941176471,7.967914438502674,5.454545454545454,5.614973262032086,7.32620320855615,6.791443850267379,6.390374331550802,6.949,5.111999999999999,0.7874708688752365,0.6008610977070645
43,2026-03-26,44,45,BC,unknown,same_edges,5-6,3-4,7.379679144385026,5.1336898395721935,6.4171122994652405,1.5508021390374336,7.754010695187166,7.7005347593582885,7.0855614973262036,4.625668449197861,6.949,5.111999999999999,0.43122496976507024,0.5870186737994693
43,2026-03-26,57,58,BC,unknown,same_edges,3-4,5-6,7.165775401069519,5.668449197860963,2.299465240641711,7.647058823529411,6.363636363636363,2.4598930481283428,4.331550802139037,5.053475935828877,6.949,5.111999999999999,0.5971827896958861,2.900176061930902
45,2026-03-26,14,15,AB,near,cross_edges,1-4,2-3,4.919786096256685,7.593582887700535,5.401069518716578,6.310160427807486,4.064171122994653,8.288770053475936,4.732620320855615,7.299465240641711,5.112,6.949,0.6726316108454948,0.3486204494760783
45,2026-03-26,30,31,AB,near,cross_edges,2-3,1-4,5.401069518716578,5.508021390374331,4.919786096256685,7.914438502673797,6.042780748663102,7.165775401069519,5.481283422459893,7.540106951871659,5.112,6.949,1.46968722524548,2.0336681144177997
45,2026-03-26,47,48,AB,near,cross_edges,1-4,2-3,5.026737967914439,5.401069518716578,6.310160427807486,7.005347593582888,4.732902464143894,4.425905962611537,5.52153144597569,5.715626778097213,5.112,6.949,1.5502768749490157,0.5863163441018896
45,2026-03-26,1,2,AB,near,same_edges,1-2,3-4,5.240641711229946,7.593582887700535,2.7807486631016043,6.256684491978609,7.807486631016043,7.807486631016043,5.294117647058823,7.032085561497325,5.112,6.949,0.6572942940453154,0.5640380510622733
45,2026-03-26,52,53,AB,near,same_edges,3-4,1-2,5.080213903743315,6.256684491978609,7.80961438174541,7.897002243961902,1.9540219281594506,6.253240007137162,4.88181815495243,7.075121125549532,5.112,6.949,0.6930448171382252,0.8421397724304447
45,2026-03-26,19,20,AC,far,cross_edges,2-6,1-5,4.171122994652406,3.9572192513368987,5.879641325450225,5.932429432138445,3.222966081445561,2.8631988398772212,4.551303703447893,4.397814136007833,4.4395,4.4395,0.5519247571276211,0.5819460660047736
45,2026-03-26,36,37,AC,far,cross_edges,1-5,2-6,5.623970135374173,5.82631196344439,4.00519866880176,4.113646883327315,5.812597839819719,5.85261345602381,4.908898254310739,4.9831301696755625,4.4395,4.4395,1.8237919079614855,1.1055692345714105
45,2026-03-26,44,45,AC,far,same_edges,1-2,5-6,5.1336898395721935,5.080213903743315,3.2085561497326203,6.79144385026738,6.042780748663102,3.1016042780748663,4.625668449197861,4.946524064171124,4.4395,4.4395,0.944676579478536,0.525317719368677
45,2026-03-26,57,58,AC,far,same_edges,5-6,1-2,3.9734887100933114,3.9997812627048583,5.935828877005348,2.620320855614974,2.620320855614973,6.577540106951871,4.278074866310161,4.598930481283423,4.4395,4.4395,0.6407176369110883,0.6721253697653881
45,2026-03-26,24,25,BC,unknown,cross_edges,4-6,3-5,5.240641711229946,5.401069518716578,8.449197860962567,5.882352941176471,6.185119383059888,5.447070189570392,7.3171586220112275,5.664711565373432,6.949,5.111999999999999,1.7326422681732028,2.093186472707592
45,2026-03-26,34,35,BC,unknown,cross_edges,3-5,4-6,6.5312588525771345,5.448755788535358,6.2032085561497325,4.491978609625669,7.7005347593582885,4.705882352941177,6.95187165775401,4.598930481283423,6.949,5.111999999999999,0.536574437857641,0.9482184266953507
45,2026-03-26,7,8,BC,unknown,same_edges,3-4,5-6,7.379679144385026,4.278074866310161,8.502673796791443,8.502673796791443,6.684491978609626,2.620320855614973,7.593582887700535,5.561497326203208,6.949,5.111999999999999,0.9385710703019955,1.3011256749300995
45,2026-03-26,27,28,BC,unknown,same_edges,5-6,3-4,7.058823529411765,5.347593582887701,6.8449197860962565,2.1390374331550808,8.39572192513369,8.39572192513369,7.620320855614974,5.267379679144385,6.949,5.111999999999999,0.2599337298434375,0.5671979528234339
47,2026-03-26,14,15,AB,near,cross_edges,1-4,2-3,5.201072386058981,6.273458445040214,5.522788203753351,5.844504021447721,4.932975871313673,8.09651474530831,5.2278820375335116,6.970509383378015,5.112,6.949,0.6813884959666734,0.6975663180299023
47,2026-03-26,37,38,AB,near,cross_edges,1-4,2-3,5.3083109919571045,6.863270777479893,5.415549597855228,5.79088471849866,4.932975871313673,5.844504021447721,5.174262734584451,5.81769436997319,5.112,6.949,0.21421369040536214,1.0541342225918233
47,2026-03-26,34,35,AB,near,same_edges,1-2,3-4,5.254691689008043,7.07774798927614,2.7882037533512065,6.005361930294906,7.506702412868632,7.560321715817694,5.1474530831099194,6.7828418230563,5.112,6.949,0.19218991350905232,0.31379892522036595
47,2026-03-26,54,55,AB,near,same_edges,3-4,1-2,5.254691689008043,6.7560321715817695,7.238605898123325,7.238605898123325,3.002680965147453,6.166219839142091,5.120643431635389,6.702412868632708,5.112,6.949,0.23999479351939196,0.1443743916121848
47,2026-03-26,4,5,AC,far,cross_edges,2-6,1-5,4.664879356568364,4.50402144772118,5.522788203753351,5.522788203753351,3.485254691689008,3.9142091152815013,4.50402144772118,4.718498659517426,4.4395,4.4395,0.23443308551313086,0.26809651474530727
47,2026-03-26,8,9,AC,far,cross_edges,1-5,2-6,4.718498659517426,4.50402144772118,3.753351206434316,3.485254691689008,5.415549597855228,5.415549597855228,4.584450402144772,4.450402144772118,4.4395,4.4395,0.28636212952930357,0.1443743916121848
47,2026-03-26,16,17,AC,far,same_edges,5-6,1-2,4.6112600536193025,4.50402144772118,6.434316353887399,2.520107238605899,2.7882037533512065,6.327077747989276,4.6112600536193025,4.423592493297587,4.4395,4.4395,0.18347897218848463,0.08042895442359299
47,2026-03-26,46,47,AC,far,same_edges,5-6,1-2,4.664879356568364,4.50402144772118,5.254691689008043,2.520107238605898,2.949061662198391,5.844504021447721,4.101876675603217,4.182305630026809,4.4395,4.4395,0.23443308551313086,0.64843896098916
47,2026-03-26,22,23,BC,unknown,cross_edges,3-5,4-6,6.970509383378016,4.932975871313673,5.79088471849866,5.201072386058981,8.41823056300268,4.9329758713136735,7.10455764075067,5.067024128686327,6.949,5.111999999999999,0.18031165304882793,0.18957286358888686
47,2026-03-26,58,59,BC,unknown,cross_edges,4-6,3-5,6.863270777479893,5.093833780160858,5.951742627345844,7.024128686327078,5.79088471849866,4.986595174262734,5.871313672922252,6.005361930294907,6.949,5.111999999999999,0.08763281997714115,1.3471683138231763
47,2026-03-26,27,28,BC,unknown,same_edges,3-4,5-6,7.024128686327078,6.166219839142091,7.39946380697051,7.39946380697051,6.327077747989276,2.4128686327077755,6.863270777479893,4.906166219839143,6.949,5.111999999999999,1.05689346139997,1.2702796504538467
47,2026-03-26,41,42,BC,unknown,same_edges,3-4,5-6,6.916890080428955,4.932975871313673,7.506702412868632,7.506702412868632,6.648793565683646,2.305630026809652,7.077747989276139,4.906166219839142,6.949,5.111999999999999,0.18188096543277255,0.16307674343962972
49,2025-07-18,2,3,AB,near,cross_edges,2-3,1-4,5.080213903743315,7.32620320855615,4.598930481283422,8.288770053475936,5.989304812834224,5.668449197860963,5.2941176470588225,6.978609625668449,5.112,6.949,0.37854011208892185,0.40813736691106234
49,2025-07-18,29,30,AB,near,cross_edges,1-4,2-3,4.81283422459893,6.524064171122995,5.668449197860963,5.614973262032086,4.278074866310161,7.967914438502674,4.973262032085562,6.791443850267379,5.112,6.949,0.519683191795454,0.3118156093500158
49,2025-07-18,35,36,AB,near,cross_edges,1-4,2-3,4.331550802139038,7.32620320855615,5.508021390374331,5.454545454545454,4.010695187165775,8.288770053475936,4.759358288770054,6.871657754010695,5.112,6.949,0.8668236331497161,0.6242041459854951
49,2025-07-18,6,7,AB,near,same_edges,1-2,3-4,5.026737967914439,6.256684491978609,2.2459893048128343,6.577540106951871,7.433155080213903,7.379679144385026,4.839572192513369,6.978609625668449,5.112,6.949,0.6975459674905131,0.7457928171647789
49,2025-07-18,49,50,AB,near,same_edges,1-2,3-4,4.792714638538664,4.741488535693296,2.406417112299465,6.684491978609626,7.433155080213903,7.32620320855615,4.919786096256685,7.005347593582888,5.112,6.949,2.2304820122764997,2.267422543187602
49,2025-07-18,14,15,AC,far,cross_edges,1-5,2-6,4.438502673796791,4.385026737967914,3.4224598930481283,3.3155080213903743,5.187165775401069,5.187165775401069,4.304812834224599,4.251336898395722,4.4395,4.4395,0.05448239106327715,0.18906598427447807
49,2025-07-18,22,23,AC,far,cross_edges,2-6,1-5,4.171122994652406,4.224598930481283,4.866310160427807,4.705882352941177,3.4759358288770055,3.6363636363636367,4.171122994652406,4.171122994652407,4.4395,4.4395,0.3438149017707499,0.05347593582887633
49,2025-07-18,18,19,AC,far,same_edges,1-2,5-6,4.064171122994653,4.064171122994653,2.5133689839572195,2.5133689839572195,6.470588235294118,2.5668449197860967,4.491978609625669,2.540106951871658,4.4395,4.4395,0.5307951882112252,1.5829689963225329
49,2025-07-18,39,40,AC,far,same_edges,1-2,5-6,3.6363636363636367,3.7433155080213902,2.5668449197860967,2.7807486631016043,6.256684491978609,2.620320855614974,4.411764705882353,2.7005347593582893,4.4395,4.4395,1.0628738709115748,1.2994762438741028
49,2025-07-18,33,34,BC,unknown,cross_edges,3-5,4-6,7.4866310160427805,5.026737967914439,5.347593582887701,5.721925133689839,8.128342245989305,4.438502673796791,6.737967914438503,5.080213903743315,6.949,5.111999999999999,0.5443498172375478,0.7505705266105983
49,2025-07-18,59,60,BC,unknown,cross_edges,4-6,3-5,7.129499210214217,4.8279000248830215,8.098757850634374,4.646030455810041,5.721925133689839,6.4171122994652405,6.910341492162107,5.531571377637641,6.949,5.111999999999999,0.33658989995159305,0.7370098222339534
49,2025-07-18,44,45,BC,unknown,same_edges,5-6,3-4,6.524064171122995,4.545454545454545,6.200409841912142,2.673870078355371,7.7292180587692885,7.6899814440993755,6.964813950340716,5.181925761227373,6.949,5.111999999999999,0.7081978612856032,0.774180842173075
49,2025-07-18,53,54,BC,unknown,same_edges,5-6,3-4,6.737967914438503,4.866310160427807,0.0,0.0,7.524826174124249,7.524826174124252,3.7624130870621246,3.762413087062126,6.949,5.111999999999999,0.32387966655139727,3.1737226216713057
