SubNo,date,source,n_files,n_trials,n_faces,faces_observed,square_side_median,square_side_mean,square_side_sd,square_side_min,square_side_max,square_side_px,square_side_rmse_px,square_side_max_abs_error_px
2,2026-03-27,EPtask-2-2026-03-27-1.mat,1,9,6,1 2 3 4 5 6,373.4437985116896,373.12650003663776,0.7793095439367146,371.28712871287127,373.9272578667756,373,0.0,0.0
2,2026-03-27,EPtask-2-2026-03-27-2.mat,1,6,6,1 2 3 4 5 6,373.4437985116896,373.19021994433564,0.7332486794324318,371.28712871287127,373.9272578667756,373,0.0,0.0
2,2026-03-27,EPtask-2-2026-03-27-3.mat,1,6,6,1 2 3 4 5 6,373.4437985116896,373.1902199443357,0.7332486794324317,371.28712871287127,373.9272578667756,373,0.0,0.0
2,2026-03-27,EPtask-2-2026-03-27-4.mat,1,6,6,1 2 3 4 5 6,373.4437985116896,373.19021994433564,0.7332486794324318,371.28712871287127,373.9272578667756,373,0.0,0.0
2,2026-03-27,EPtask-2-2026-03-27.mat,1,1,1,5,372.60719328982344,372.60719328982344,1.8668532279340708,371.28712871287127,373.9272578667756,373,0.0,0.0
2,2026-03-28,EPtask-2-2026-03-28.mat,1,6,6,1 2 3 4 5 6,373.4437985116896,373.1902199443357,0.7332486794324317,371.28712871287127,373.9272578667756,373,0.0,0.0
2,2026-03-29,EPtask-2-2026-03-29-1.mat,1,6,6,1 2 3 4 5 6,373.6803696601195,373.79500436663164,0.9115824601566069,372.51655629139077,376.2376237623762,374,0.0,0.0
2,2026-03-29,EPtask-2-2026-03-29-2.mat,1,6,6,1 2 3 4 5 6,373.6803696601195,373.79500436663164,0.9115824601566069,372.51655629139077,376.2376237623762,374,0.0,0.0
2,2026-03-29,EPtask-2-2026-03-29-3.mat,1,6,6,1 2 3 4 5 6,373.6803696601195,373.79500436663164,0.9115824601566068,372.51655629139077,376.2376237623762,374,0.0,0.0
2,2026-03-29,EPtask-2-2026-03-29.mat,1,1,1,4,374.0056653239657,374.0056653239657,0.3836756163546305,373.7343656938654,374.276964954066,374,0.0,0.0
6,2026-03-27,EPtask-6-2026-03-27-1.mat,1,4,4,3 4 5 6,373.8308117803205,374.10099863977405,0.9131019753181787,373.4168951560256,376.2376237623762,374,0.0,0.0
6,2026-03-27,EPtask-6-2026-03-27-2.mat,1,8,6,1 2 3 4 5 6,373.792830298896,373.95584013046505,0.9968249139532317,372.51655629139077,376.2376237623762,374,0.0,0.0
6,2026-03-27,EPtask-6-2026-03-27.mat,1,1,1,4,374.0056653239657,374.0056653239657,0.3836756163546305,373.7343656938654,374.276964954066,374,0.0,0.0
6,2026-03-28,EPtask-6-2026-03-28.mat,1,11,6,1 2 3 4 5 6,373.6803696601195,373.85055698199284,0.8884476736029804,372.51655629139077,376.2376237623762,374,0.0,0.0
6,2026-03-29,EPtask-6-2026-03-29-1.mat,1,10,6,1 2 3 4 5 6,217.86492374727666,218.03111623343315,0.7066513112166125,216.64050235478805,219.37086092715234,218,0.0,0.0
6,2026-03-29,EPtask-6-2026-03-29-2.mat,1,6,6,1 2 3 4 5 6,217.84335296274725,217.9358085710371,0.7288216278156631,216.64050235478805,219.37086092715234,218,0.0,0.0
6,2026-03-29,EPtask-6-2026-03-29-3.mat,1,6,6,1 2 3 4 5 6,217.84335296274725,217.9358085710371,0.7288216278156631,216.64050235478805,219.37086092715234,218,0.0,0.0
6,2026-03-29,EPtask-6-2026-03-29.mat,1,6,6,1 2 3 4 5 6,217.84335296274725,217.93580857103703,0.7288216278156631,216.64050235478805,219.37086092715234,218,0.0,0.0
8,2026-03-27,EPtask-8-2026-03-27-1.mat,1,1,1,4,373.43857901342926,373.43857901342926,0.41830553504216234,373.14279233299305,373.7343656938654,373,0.0,0.0
8,2026-03-27,EPtask-8-2026-03-27-2.mat,1,3,3,1 3 6,373.4498107899642,373.3044804399087,0.4910855811026774,372.51655629139077,373.8512949039265,373,0.0,0.0
8,2026-03-27,EPtask-8-2026-03-27-3.mat,1,8,6,1 2 3 4 5 6,373.4437985116896,373.11954928583816,0.8226366167024363,371.28712871287127,373.9272578667756,373,0.0,0.0
8,2026-03-27,EPtask-8-2026-03-27-4.mat,1,15,6,1 2 3 4 5 6,373.4437985116896,373.20753501826556,0.6736487294509722,371.28712871287127,373.9272578667756,373,0.0,0.0
8,2026-03-27,EPtask-8-2026-03-27-5.mat,1,11,6,1 2 3 4 5 6,373.4437985116896,373.16009135825715,0.742158948006772,371.28712871287127,373.9272578667756,373,0.0,0.0
8,2026-03-27,EPtask-8-2026-03-27.mat,1,2,2,5 6,373.5216343911996,373.0644138405115,1.2032295593254527,371.28712871287127,373.9272578667756,373,0.0,0.0
8,2026-03-28,EPtask-8-2026-03-28-1.mat,1,7,6,1 2 3 4 5 6,373.792830298896,373.97892385919516,1.0616068946017456,372.51655629139077,376.2376237623762,374,0.0,0.0
8,2026-03-28,EPtask-8-2026-03-28.mat,1,3,3,4 5 6,373.8308117803205,374.2032468432471,1.0383905759076613,373.4168951560256,376.2376237623762,374,0.0,0.0
8,2026-03-29,EPtask-8-2026-03-29-1.mat,1,6,6,1 2 3 4 5 6,373.6803696601195,373.79500436663164,0.911582460156607,372.51655629139077,376.2376237623762,374,0.0,0.0
8,2026-03-29,EPtask-8-2026-03-29-2.mat,1,6,6,1 2 3 4 5 6,373.6803696601195,373.79500436663164,0.9115824601566069,372.51655629139077,376.2376237623762,374,0.0,0.0
8,2026-03-29,EPtask-8-2026-03-29.mat,1,10,6,1 2 3 4 5 6,373.7343656938654,373.9174020758886,0.9010675217577734,372.51655629139077,376.2376237623762,374,0.0,0.0
9,2025-11-23,EPtask-9-2025-11-23-1.mat,1,7,6,1 2 3 4 5 6,400.50276420316766,400.4272696074762,0.7490253125388902,398.7441130298273,401.5776263893868,400,0.0,0.0
9,2025-11-23,EPtask-9-2025-11-23-2.mat,1,6,6,1 2 3 4 5 6,400.50276420316766,400.42356715939485,0.813375289869266,398.7441130298273,401.5776263893868,400,0.0,0.0
9,2025-11-23,EPtask-9-2025-11-23.mat,1,5,5,1 2 4 5 6,400.52558267788106,400.52388726655664,0.8610734346084779,398.7441130298273,401.5776263893868,400,0.0,0.0
9,2025-11-24,EPtask-9-2025-11-24-1.mat,1,2,2,3 6,399.718072557799,399.5295027560887,0.5553951811847783,398.7441130298273,399.9377528789293,400,0.0,0.0
9,2025-11-24,EPtask-9-2025-11-24-2.mat,1,1,1,1,401.2462862454149,401.2462862454149,0.3447569535984961,401.0025062656642,401.4900662251656,400,0.0,0.0
9,2025-11-24,EPtask-9-2025-11-24-3.mat,1,17,6,1 2 3 4 5 6,400.5151320025757,400.4530730732659,0.8033794903204505,398.7441130298273,401.5776263893868,400,0.0,0.0
9,2025-11-24,EPtask-9-2025-11-24-4.mat,1,6,6,1 2 3 4 5 6,400.50276420316766,400.42356715939485,0.8133752898692661,398.7441130298273,401.5776263893868,400,0.0,0.0
9,2025-11-24,EPtask-9-2025-11-24.mat,1,5,5,2 3 4 5 6,400.4266658212515,400.25902334219074,0.7841510313715994,398.7441130298273,401.5776263893868,400,0.0,0.0
9,2025-11-25,EPtask-9-2025-11-25-1.mat,1,6,6,1 2 3 4 5 6,400.50276420316766,400.42356715939485,0.8133752898692661,398.7441130298273,401.5776263893868,400,0.0,0.0
9,2025-11-25,EPtask-9-2025-11-25-2.mat,1,6,6,1 2 3 4 5 6,400.50276420316766,400.42356715939485,0.8133752898692661,398.7441130298273,401.5776263893868,400,0.0,0.0
9,2025-11-25,EPtask-9-2025-11-25.mat,1,16,6,1 2 3 4 5 6,400.4903964037597,400.3332214642319,0.7778816634111354,398.7441130298273,401.5776263893868,400,0.0,0.0
10,2026-03-27,EPtask-10-2026-03-27-1.mat,1,36,6,1 2 3 4 5 6,373.4437985116896,373.1902199443356,0.7069587643482063,371.28712871287127,373.9272578667756,373,0.0,0.0
10,2026-03-27,EPtask-10-2026-03-27.mat,1,3,3,2 4 5,373.3067471001733,373.0759594487625,0.9541173004159835,371.28712871287127,373.9272578667756,373,0.0,0.0
10,2026-03-28,EPtask-10-2026-03-28.mat,1,7,6,1 2 3 4 5 6,373.792830298896,373.97892385919516,1.0616068946017456,372.51655629139077,376.2376237623762,374,0.0,0.0
10,2026-03-29,EPtask-10-2026-03-29-1.mat,1,6,6,1 2 3 4 5 6,373.4437985116896,373.19021994433564,0.7332486794324318,371.28712871287127,373.9272578667756,373,0.0,0.0
10,2026-03-29,EPtask-10-2026-03-29-2.mat,1,6,6,1 2 3 4 5 6,373.4437985116896,373.1902199443357,0.7332486794324317,371.28712871287127,373.9272578667756,373,0.0,0.0
10,2026-03-29,EPtask-10-2026-03-29.mat,1,9,6,1 2 3 4 5 6,373.4437985116896,373.2566016001678,0.6196076371905875,371.28712871287127,373.9272578667756,373,0.0,0.0
11,2025-11-23,EPtask-11-2025-11-23-1.mat,1,10,6,1 2 3 4 5 6,400.4903964037597,400.33870353713576,0.8246783634424978,398.7441130298273,401.5776263893868,400,0.0,0.0
11,2025-11-23,EPtask-11-2025-11-23-2.mat,1,2,2,1 2,401.2462862454149,401.14633272069807,0.4910082641770083,400.5151320025757,401.5776263893868,400,0.0,0.0
11,2025-11-23,EPtask-11-2025-11-23-3.mat,1,6,6,1 2 3 4 5 6,400.50276420316766,400.42356715939485,0.8133752898692661,398.7441130298273,401.5776263893868,400,0.0,0.0
11,2025-11-23,EPtask-11-2025-11-23.mat,1,6,6,1 2 3 4 5 6,400.50276420316766,400.42356715939474,0.8133752898692662,398.7441130298273,401.5776263893868,400,0.0,0.0
11,2025-11-24,EPtask-11-2025-11-24.mat,1,6,6,1 2 3 4 5 6,400.50276420316766,400.42356715939474,0.8133752898692662,398.7441130298273,401.5776263893868,400,0.0,0.0
11,2025-11-25,EPtask-11-2025-11-25-1.mat,1,6,6,1 2 3 4 5 6,400.50276420316766,400.42356715939474,0.8133752898692662,398.7441130298273,401.5776263893868,400,0.0,0.0
11,2025-11-25,EPtask-11-2025-11-25-2.mat,1,6,6,1 2 3 4 5 6,400.50276420316766,400.42356715939474,0.8133752898692662,398.7441130298273,401.5776263893868,400,0.0,0.0
11,2025-11-25,EPtask-11-2025-11-25-3.mat,1,6,6,1 2 3 4 5 6,400.50276420316766,400.42356715939485,0.813375289869266,398.7441130298273,401.5776263893868,400,0.0,0.0
11,2025-11-25,EPtask-11-2025-11-25.mat,1,6,6,1 2 3 4 5 6,400.50276420316766,400.42356715939474,0.8133752898692662,398.7441130298273,401.5776263893868,400,0.0,0.0
12,2026-04-10,EPtask-12-2026-04-10-1.mat,1,6,6,1 2 3 4 5 6,373.4437985116896,373.19021994433564,0.7332486794324318,371.28712871287127,373.9272578667756,373,0.0,0.0
12,2026-04-10,EPtask-12-2026-04-10-2.mat,1,14,6,1 2 3 4 5 6,373.4437985116896,373.14799561892045,0.7724455309092559,371.28712871287127,373.9272578667756,373,0.0,0.0
12,2026-04-10,EPtask-12-2026-04-10-3.mat,1,10,6,1 2 3 4 5 6,373.4437985116896,373.2491520444545,0.5939650870118172,371.28712871287127,373.9272578667756,373,0.0,0.0
12,2026-04-10,EPtask-12-2026-04-10.mat,1,6,6,1 2 3 4 5 6,373.4437985116896,373.1902199443357,0.7332486794324318,371.28712871287127,373.9272578667756,373,0.0,0.0
12,2026-04-11,EPtask-12-2026-04-11-1.mat,1,6,6,1 2 3 4 5 6,312.9871674904207,313.0171035833146,0.7560358478116552,311.88118811881185,314.5695364238411,313,0.0,0.0
12,2026-04-11,EPtask-12-2026-04-11.mat,1,6,6,1 2 3 4 5 6,312.9871674904207,313.0171035833146,0.7560358478116552,311.88118811881185,314.5695364238411,313,0.0,0.0
12,2026-04-12,EPtask-12-2026-04-12-1.mat,1,4,4,3 4 5 6,312.9117133980733,312.93375545439113,0.6076722026095357,311.88118811881185,313.9717425431711,313,0.0,0.0
12,2026-04-12,EPtask-12-2026-04-12-2.mat,1,11,6,1 2 3 4 5 6,312.94269156471347,312.9344427979845,0.6881238625626946,311.88118811881185,314.5695364238411,313,0.0,0.0
12,2026-04-12,EPtask-12-2026-04-12-3.mat,1,6,6,1 2 3 4 5 6,312.9871674904207,313.01710358331457,0.7560358478116554,311.88118811881185,314.5695364238411,313,0.0,0.0
12,2026-04-12,EPtask-12-2026-04-12-4.mat,1,6,6,1 2 3 4 5 6,312.9871674904207,313.0171035833146,0.7560358478116552,311.88118811881185,314.5695364238411,313,0.0,0.0
12,2026-04-12,EPtask-12-2026-04-12.mat,1,6,6,1 2 3 4 5 6,312.9871674904207,313.0171035833146,0.7560358478116552,311.88118811881185,314.5695364238411,313,0.0,0.0
13,2025-12-04,EPtask-13-2025-12-04-1.mat,1,6,6,1 2 3 4 5 6,400.50276420316766,400.42356715939485,0.8133752898692661,398.7441130298273,401.5776263893868,400,0.0,0.0
13,2025-12-04,EPtask-13-2025-12-04-2.mat,1,13,6,1 2 3 4 5 6,400.4903964037597,400.38498250279406,0.7751062483466825,398.7441130298273,401.5776263893868,400,0.0,0.0
13,2025-12-04,EPtask-13-2025-12-04.mat,1,2,2,3 6,399.718072557799,399.5295027560887,0.5553951811847783,398.7441130298273,399.9377528789293,400,0.0,0.0
13,2025-12-05,EPtask-13-2025-12-05-1.mat,1,6,6,1 2 3 4 5 6,400.50276420316766,400.42356715939474,0.8133752898692662,398.7441130298273,401.5776263893868,400,0.0,0.0
13,2025-12-05,EPtask-13-2025-12-05.mat,1,3,3,2 3 5,400.50276420316766,400.5695311754657,0.6389887252862864,399.9061803682421,401.5776263893868,400,0.0,0.0
13,2025-12-06,EPtask-13-2025-12-06-1.mat,1,2,2,5 6,400.01018057555785,399.938643297711,1.000651674850252,398.7441130298273,400.990099009901,400,0.0,0.0
13,2025-12-06,EPtask-13-2025-12-06-2.mat,1,1,1,4,400.4494842959649,400.4494842959649,0.12239885053333605,400.3629352387433,400.53603335318644,400,0.0,0.0
13,2025-12-06,EPtask-13-2025-12-06-3.mat,1,4,4,1 3 4 6,400.1503440588363,400.1886940133893,0.8594340757378812,398.7441130298273,401.4900662251656,400,0.0,0.0
13,2025-12-06,EPtask-13-2025-12-06-4.mat,1,5,5,1 2 4 5 6,400.52558267788106,400.52388726655664,0.8610734346084779,398.7441130298273,401.5776263893868,400,0.0,0.0
13,2025-12-06,EPtask-13-2025-12-06-5.mat,1,6,6,1 2 3 4 5 6,400.50276420316766,400.42356715939474,0.8133752898692662,398.7441130298273,401.5776263893868,400,0.0,0.0
13,2025-12-06,EPtask-13-2025-12-06-6.mat,1,6,6,1 2 3 4 5 6,400.50276420316766,400.42356715939485,0.8133752898692661,398.7441130298273,401.5776263893868,400,0.0,0.0
13,2025-12-06,EPtask-13-2025-12-06-7.mat,1,6,6,1 2 3 4 5 6,400.50276420316766,400.42356715939485,0.813375289869266,398.7441130298273,401.5776263893868,400,0.0,0.0
13,2025-12-06,EPtask-13-2025-12-06.mat,1,4,4,2 3 4 6,400.1503440588363,400.13871725103087,0.8306831947182475,398.7441130298273,401.5776263893868,400,0.0,0.0
14,2026-04-10,EPtask-14-2026-04-10-1.mat,1,5,5,1 2 3 4 6,373.55455002513827,373.53751707704276,0.5264061438503828,372.51655629139077,374.276964954066,374,0.0,0.0
14,2026-04-10,EPtask-14-2026-04-10-2.mat,1,2,2,2 5,373.69897986706457,374.1322734288054,1.465917531711,372.89351021871636,376.2376237623762,374,0.0,0.0
14,2026-04-10,EPtask-14-2026-04-10-3.mat,1,19,6,1 2 3 4 5 6,373.6803696601195,373.794964875196,0.8639401436914043,372.51655629139077,376.2376237623762,374,0.0,0.0
14,2026-04-10,EPtask-14-2026-04-10-4.mat,1,40,6,1 2 3 4 5 6,373.6803696601195,373.7696527048188,0.8552071245544873,372.51655629139077,376.2376237623762,374,0.0,0.0
14,2026-04-10,EPtask-14-2026-04-10.mat,1,13,6,1 2 3 4 5 6,373.7343656938654,373.8112090556573,0.8604824800657314,372.51655629139077,376.2376237623762,374,0.0,0.0
14,2026-04-11,EPtask-14-2026-04-11-1.mat,1,14,6,1 2 3 4 5 6,312.94269156471347,312.95836378169054,0.7196268398657159,311.88118811881185,314.5695364238411,313,0.0,0.0
14,2026-04-11,EPtask-14-2026-04-11.mat,1,10,6,1 2 3 4 5 6,312.94269156471347,312.94199877237264,0.7208018475299287,311.88118811881185,314.5695364238411,313,0.0,0.0
14,2026-04-12,EPtask-14-2026-04-12-1.mat,1,25,6,1 2 3 4 5 6,313.0316434161279,313.0534743288598,0.7500297501416048,311.88118811881185,314.5695364238411,313,0.0,0.0
14,2026-04-12,EPtask-14-2026-04-12-2.mat,1,18,6,1 2 3 4 5 6,312.9871674904207,313.0171035833146,0.7341170927392503,311.88118811881185,314.5695364238411,313,0.0,0.0
14,2026-04-12,EPtask-14-2026-04-12-3.mat,1,12,6,1 2 3 4 5 6,312.9871674904207,313.01710358331457,0.7394176459972415,311.88118811881185,314.5695364238411,313,0.0,0.0
14,2026-04-12,EPtask-14-2026-04-12.mat,1,20,6,1 2 3 4 5 6,313.0316434161279,313.0595819453844,0.7395970358511718,311.88118811881185,314.5695364238411,313,0.0,0.0
15,2025-12-04,EPtask-15-2025-12-04-1.mat,1,3,3,2 3 4,400.43903362065953,400.4726100385106,0.6075911592832912,399.9061803682421,401.5776263893868,400,0.0,0.0
15,2025-12-04,EPtask-15-2025-12-04-2.mat,1,6,6,1 2 3 4 5 6,400.50276420316766,400.42356715939485,0.8133752898692661,398.7441130298273,401.5776263893868,400,0.0,0.0
15,2025-12-04,EPtask-15-2025-12-04.mat,1,5,5,2 3 4 5 6,400.4266658212515,400.25902334219074,0.7841510313715994,398.7441130298273,401.5776263893868,400,0.0,0.0
15,2025-12-05,EPtask-15-2025-12-05-1.mat,1,1,1,1,401.2462862454149,401.2462862454149,0.3447569535984961,401.0025062656642,401.4900662251656,400,0.0,0.0
15,2025-12-05,EPtask-15-2025-12-05-2.mat,1,1,1,5,400.74024770683036,400.74024770683036,0.35334310137909236,400.4903964037597,400.990099009901,400,0.0,0.0
15,2025-12-05,EPtask-15-2025-12-05-3.mat,1,3,3,1 2 4,400.7692698094253,400.9140499124537,0.5264432469227953,400.3629352387433,401.5776263893868,400,0.0,0.0
15,2025-12-05,EPtask-15-2025-12-05-4.mat,1,6,6,1 2 3 4 5 6,400.50276420316766,400.42356715939485,0.8133752898692661,398.7441130298273,401.5776263893868,400,0.0,0.0
15,2025-12-05,EPtask-15-2025-12-05.mat,1,6,6,1 2 3 4 5 6,400.50276420316766,400.42356715939474,0.8133752898692662,398.7441130298273,401.5776263893868,400,0.0,0.0
15,2025-12-06,EPtask-15-2025-12-06-1.mat,1,1,1,5,400.74024770683036,400.74024770683036,0.35334310137909236,400.4903964037597,400.990099009901,400,0.0,0.0
15,2025-12-06,EPtask-15-2025-12-06-10.mat,1,6,6,1 2 3 4 5 6,400.50276420316766,400.42356715939474,0.8133752898692662,398.7441130298273,401.5776263893868,400,0.0,0.0
15,2025-12-06,EPtask-15-2025-12-06-2.mat,1,1,1,4,400.4494842959649,400.4494842959649,0.12239885053333605,400.3629352387433,400.53603335318644,400,0.0,0.0
15,2025-12-06,EPtask-15-2025-12-06-3.mat,1,6,6,1 2 3 4 5 6,400.50276420316766,400.42356715939485,0.8133752898692661,398.7441130298273,401.5776263893868,400,0.0,0.0
15,2025-12-06,EPtask-15-2025-12-06-4.mat,1,1,1,5,400.74024770683036,400.74024770683036,0.35334310137909236,400.4903964037597,400.990099009901,400,0.0,0.0
15,2025-12-06,EPtask-15-2025-12-06-5.mat,1,1,1,5,400.74024770683036,400.74024770683036,0.35334310137909236,400.4903964037597,400.990099009901,400,0.0,0.0
15,2025-12-06,EPtask-15-2025-12-06-6.mat,1,2,2,2 6,400.0225483749658,400.0917090422864,1.227301787309128,398.7441130298273,401.5776263893868,400,0.0,0.0
15,2025-12-06,EPtask-15-2025-12-06-7.mat,1,6,6,1 2 3 4 5 6,400.50276420316766,400.42356715939485,0.813375289869266,398.7441130298273,401.5776263893868,400,0.0,0.0
15,2025-12-06,EPtask-15-2025-12-06-8.mat,1,3,3,2 3 4,400.43903362065953,400.4726100385106,0.6075911592832912,399.9061803682421,401.5776263893868,400,0.0,0.0
15,2025-12-06,EPtask-15-2025-12-06-9.mat,1,2,2,3 6,399.718072557799,399.5295027560887,0.5553951811847783,398.7441130298273,399.9377528789293,400,0.0,0.0
15,2025-12-06,EPtask-15-2025-12-06.mat,1,2,2,3 4,400.1503440588363,400.1857254597753,0.3129189378522751,399.9061803682421,400.53603335318644,400,0.0,0.0
16,2026-04-10,EPtask-16-2026-04-10-1.mat,1,6,6,1 2 3 4 5 6,312.9871674904207,313.0171035833146,0.7560358478116552,311.88118811881185,314.5695364238411,313,0.0,0.0
16,2026-04-10,EPtask-16-2026-04-10.mat,1,7,6,1 2 3 4 5 6,313.07733220413525,313.146999103119,0.8101344468487006,311.88118811881185,314.5695364238411,313,0.0,0.0
16,2026-04-11,EPtask-16-2026-04-11.mat,1,6,6,1 2 3 4 5 6,312.9871674904207,313.0171035833146,0.7560358478116552,311.88118811881185,314.5695364238411,313,0.0,0.0
16,2026-04-12,EPtask-16-2026-04-12-1.mat,1,6,6,1 2 3 4 5 6,312.9871674904207,313.0171035833146,0.7560358478116552,311.88118811881185,314.5695364238411,313,0.0,0.0
16,2026-04-12,EPtask-16-2026-04-12-2.mat,1,6,6,1 2 3 4 5 6,312.9871674904207,313.0171035833146,0.7560358478116552,311.88118811881185,314.5695364238411,313,0.0,0.0
16,2026-04-12,EPtask-16-2026-04-12-3.mat,1,6,6,1 2 3 4 5 6,312.9871674904207,313.0171035833146,0.7560358478116552,311.88118811881185,314.5695364238411,313,0.0,0.0
16,2026-04-12,EPtask-16-2026-04-12.mat,1,3,3,4 5 6,312.8588830541033,312.9258732104946,0.7111270278192519,311.88118811881185,313.9717425431711,313,0.0,0.0
17,2025-12-04,EPtask-17-2025-12-04-1.mat,1,7,6,1 2 3 4 5 6,400.50276420316766,400.4272696074762,0.7490253125388902,398.7441130298273,401.5776263893868,400,0.0,0.0
17,2025-12-04,EPtask-17-2025-12-04.mat,1,157,6,1 2 3 4 5 6,400.50276420316766,400.42373223669773,0.7775360729404014,398.7441130298273,401.5776263893868,400,0.0,0.0
17,2025-12-05,EPtask-17-2025-12-05.mat,1,33,6,1 2 3 4 5 6,400.50276420316766,400.4042399140116,0.7974754808434457,398.7441130298273,401.5776263893868,400,0.0,0.0
17,2025-12-06,EPtask-17-2025-12-06-1.mat,1,6,6,1 2 3 4 5 6,400.50276420316766,400.42356715939474,0.8133752898692662,398.7441130298273,401.5776263893868,400,0.0,0.0
17,2025-12-06,EPtask-17-2025-12-06-2.mat,1,6,6,1 2 3 4 5 6,400.50276420316766,400.42356715939485,0.8133752898692661,398.7441130298273,401.5776263893868,400,0.0,0.0
17,2025-12-06,EPtask-17-2025-12-06.mat,1,6,6,1 2 3 4 5 6,400.50276420316766,400.42356715939474,0.8133752898692662,398.7441130298273,401.5776263893868,400,0.0,0.0
18,2026-04-10,EPtask-18-2026-04-10-1.mat,1,1,1,3,312.9574021860807,312.9574021860807,0.23422036171689917,312.79178338001867,313.12302099214264,313,0.0,0.0
18,2026-04-10,EPtask-18-2026-04-10-2.mat,1,6,6,1 2 3 4 5 6,312.9871674904207,313.0171035833146,0.7560358478116552,311.88118811881185,314.5695364238411,313,0.0,0.0
18,2026-04-10,EPtask-18-2026-04-10-3.mat,1,6,6,1 2 3 4 5 6,312.9871674904207,313.0171035833146,0.7560358478116552,311.88118811881185,314.5695364238411,313,0.0,0.0
18,2026-04-10,EPtask-18-2026-04-10.mat,1,4,4,1 2 4 5,312.81440712839606,312.8702326235596,0.8473642216151606,311.88118811881185,314.5695364238411,313,0.0,0.0
18,2026-04-11,EPtask-18-2026-04-11.mat,1,6,6,1 2 3 4 5 6,312.9871674904207,313.0171035833146,0.7560358478116552,311.88118811881185,314.5695364238411,313,0.0,0.0
18,2026-04-12,EPtask-18-2026-04-12-1.mat,1,6,6,1 2 3 4 5 6,312.9871674904207,313.0171035833146,0.7560358478116553,311.88118811881185,314.5695364238411,313,0.0,0.0
18,2026-04-12,EPtask-18-2026-04-12-2.mat,1,3,3,2 4 5,312.65691504444555,312.51818609076435,0.49484951596167387,311.88118811881185,313.0316434161279,313,0.0,0.0
18,2026-04-12,EPtask-18-2026-04-12-3.mat,1,6,6,1 2 3 4 5 6,312.9871674904207,313.0171035833146,0.7560358478116552,311.88118811881185,314.5695364238411,313,0.0,0.0
18,2026-04-12,EPtask-18-2026-04-12-4.mat,1,6,6,1 2 3 4 5 6,312.9871674904207,313.0171035833146,0.7560358478116553,311.88118811881185,314.5695364238411,313,0.0,0.0
18,2026-04-12,EPtask-18-2026-04-12.mat,1,11,6,1 2 3 4 5 6,312.94269156471347,312.93444279798445,0.6881238625626945,311.88118811881185,314.5695364238411,313,0.0,0.0
20,2026-04-10,EPtask-20-2026-04-10-1.mat,1,8,6,1 2 3 4 5 6,312.9871674904207,313.0026697596585,0.7638867825193608,311.88118811881185,314.5695364238411,313,0.0,0.0
20,2026-04-10,EPtask-20-2026-04-10-2.mat,1,2,2,2 4,312.81440712839606,312.6500552572404,0.49566822782283637,311.93976335604157,313.0316434161279,313,0.0,0.0
20,2026-04-10,EPtask-20-2026-04-10-3.mat,1,1,1,6,313.6642888195683,313.6642888195683,0.4348052257211958,313.3568350959655,313.9717425431711,313,0.0,0.0
20,2026-04-10,EPtask-20-2026-04-10-4.mat,1,2,2,2 5,312.283735376427,312.3478376090948,0.5216846650926759,311.88118811881185,312.94269156471347,313,0.0,0.0
20,2026-04-10,EPtask-20-2026-04-10-5.mat,1,13,6,1 2 3 4 5 6,313.0316434161279,313.0668870630264,0.735861379556903,311.88118811881185,314.5695364238411,313,0.0,0.0
20,2026-04-10,EPtask-20-2026-04-10.mat,1,1,1,5,312.25444775781216,312.25444775781216,0.527868843760683,311.88118811881185,312.6277073968124,312,0.0,0.0
20,2026-04-11,EPtask-20-2026-04-11-1.mat,1,2,2,3 6,313.23992804405407,313.31084550282446,0.4978632592592558,312.79178338001867,313.9717425431711,313,0.0,0.0
20,2026-04-11,EPtask-20-2026-04-11-2.mat,1,6,6,1 2 3 4 5 6,312.9871674904207,313.0171035833146,0.7560358478116552,311.88118811881185,314.5695364238411,313,0.0,0.0
20,2026-04-11,EPtask-20-2026-04-11-3.mat,1,6,6,1 2 3 4 5 6,312.9871674904207,313.0171035833146,0.7560358478116553,311.88118811881185,314.5695364238411,313,0.0,0.0
20,2026-04-11,EPtask-20-2026-04-11.mat,1,5,5,2 3 4 5 6,312.86723747236607,312.83524985558836,0.6214611060024807,311.88118811881185,313.9717425431711,313,0.0,0.0
20,2026-04-12,EPtask-20-2026-04-12-1.mat,1,6,6,1 2 3 4 5 6,312.9871674904207,313.0171035833146,0.7560358478116552,311.88118811881185,314.5695364238411,313,0.0,0.0
20,2026-04-12,EPtask-20-2026-04-12-2.mat,1,6,6,1 2 3 4 5 6,312.9871674904207,313.0171035833146,0.7560358478116552,311.88118811881185,314.5695364238411,313,0.0,0.0
20,2026-04-12,EPtask-20-2026-04-12-3.mat,1,6,6,1 2 3 4 5 6,312.9871674904207,313.0171035833146,0.7560358478116552,311.88118811881185,314.5695364238411,313,0.0,0.0
20,2026-04-12,EPtask-20-2026-04-12.mat,1,2,2,4 5,312.65691504444555,312.55666540595774,0.48431388891556915,311.88118811881185,313.0316434161279,313,0.0,0.0
21,2025-12-07,EPtask-21-2025-12-07-1.mat,1,10,6,1 2 3 4 5 6,400.4266658212515,400.2790140471341,0.7720105790643662,398.7441130298273,401.5776263893868,400,0.0,0.0
21,2025-12-07,EPtask-21-2025-12-07-2.mat,1,9,6,1 2 3 4 5 6,400.50276420316766,400.46212668014823,0.7373733251810378,398.7441130298273,401.5776263893868,400,0.0,0.0
21,2025-12-07,EPtask-21-2025-12-07.mat,1,38,6,1 2 3 4 5 6,400.5151320025757,400.4616074520949,0.7862746646652723,398.7441130298273,401.5776263893868,400,0.0,0.0
21,2025-12-08,EPtask-21-2025-12-08.mat,1,6,6,1 2 3 4 5 6,400.50276420316766,400.42356715939474,0.8133752898692662,398.7441130298273,401.5776263893868,400,0.0,0.0
21,2025-12-09,EPtask-21-2025-12-09-4.mat,1,6,6,1 2 3 4 5 6,400.50276420316766,400.42356715939474,0.8133752898692662,398.7441130298273,401.5776263893868,400,0.0,0.0
21,2025-12-09,EPtask-21-2025-12-09-5.mat,1,6,6,1 2 3 4 5 6,400.50276420316766,400.42356715939485,0.813375289869266,398.7441130298273,401.5776263893868,400,0.0,0.0
21,2025-12-09,EPtask-21-2025-12-09.mat,1,6,6,1 2 3 4 5 6,400.50276420316766,400.42356715939474,0.8133752898692662,398.7441130298273,401.5776263893868,400,0.0,0.0
23,2025-12-07,EPtask-23-2025-12-07.mat,1,13,6,1 2 3 4 5 6,400.4903964037597,400.3246034462561,0.846621478168081,398.7441130298273,401.5776263893868,400,0.0,0.0
23,2025-12-08,EPtask-23-2025-12-08.mat,1,13,6,1 2 3 4 5 6,400.50276420316766,400.4479272015052,0.7710964077295722,398.7441130298273,401.5776263893868,400,0.0,0.0
23,2025-12-09,EPtask-23-2025-12-09-1.mat,1,6,6,1 2 3 4 5 6,400.50276420316766,400.42356715939474,0.8133752898692661,398.7441130298273,401.5776263893868,400,0.0,0.0
23,2025-12-09,EPtask-23-2025-12-09-2.mat,1,6,6,1 2 3 4 5 6,400.50276420316766,400.42356715939474,0.8133752898692662,398.7441130298273,401.5776263893868,400,0.0,0.0
23,2025-12-09,EPtask-23-2025-12-09.mat,1,7,6,1 2 3 4 5 6,400.4266658212515,400.3519099399934,0.7700744714906057,398.7441130298273,401.5776263893868,400,0.0,0.0
29,2026-03-14,EPtask-29-2026-03-14.mat,1,6,6,1 2 3 4 5 6,373.4437985116896,373.19021994433564,0.7332486794324318,371.28712871287127,373.9272578667756,373,0.0,0.0
29,2026-03-15,EPtask-29-2026-03-15-1.mat,1,6,6,1 2 3 4 5 6,373.4437985116896,373.19021994433564,0.7332486794324318,371.28712871287127,373.9272578667756,373,0.0,0.0
29,2026-03-15,EPtask-29-2026-03-15.mat,1,12,6,1 2 3 4 5 6,373.4437985116896,373.19021994433564,0.717131355670297,371.28712871287127,373.9272578667756,373,0.0,0.0
29,2026-03-16,EPtask-29-2026-03-16-1.mat,1,6,6,1 2 3 4 5 6,373.4437985116896,373.1902199443357,0.7332486794324318,371.28712871287127,373.9272578667756,373,0.0,0.0
29,2026-03-16,EPtask-29-2026-03-16-2.mat,1,7,6,1 2 3 4 5 6,373.4437985116896,373.1069304222625,0.8762705499117424,371.28712871287127,373.9272578667756,373,0.0,0.0
29,2026-03-16,EPtask-29-2026-03-16.mat,1,6,6,1 2 3 4 5 6,373.4437985116896,373.1902199443357,0.7332486794324318,371.28712871287127,373.9272578667756,373,0.0,0.0
31,2026-03-14,EPtask-31-2026-03-14-1.mat,1,110,6,1 2 3 4 5 6,373.7343656938654,373.7913642047077,0.8716886387493592,372.51655629139077,376.2376237623762,374,0.0,0.0
31,2026-03-14,EPtask-31-2026-03-14-2.mat,1,25,6,1 2 3 4 5 6,373.6263736263736,373.7840695676143,0.8657739018074656,372.51655629139077,376.2376237623762,374,0.0,0.0
31,2026-03-14,EPtask-31-2026-03-14-3.mat,1,6,6,1 2 3 4 5 6,373.6803696601195,373.79500436663164,0.9115824601566069,372.51655629139077,376.2376237623762,374,0.0,0.0
31,2026-03-14,EPtask-31-2026-03-14.mat,1,2,2,3 4,373.92007366433626,373.89995967666033,0.35870164575012203,373.4827264239029,374.276964954066,374,0.0,0.0
31,2026-03-15,EPtask-31-2026-03-15-1.mat,1,11,6,1 2 3 4 5 6,373.6803696601195,373.8505569819929,0.8884476736029804,372.51655629139077,376.2376237623762,374,0.0,0.0
31,2026-03-15,EPtask-31-2026-03-15-2.mat,1,6,6,1 2 3 4 5 6,373.6803696601195,373.79500436663164,0.9115824601566068,372.51655629139077,376.2376237623762,374,0.0,0.0
31,2026-03-15,EPtask-31-2026-03-15.mat,1,11,6,1 2 3 4 5 6,373.6803696601195,373.85055698199284,0.8884476736029803,372.51655629139077,376.2376237623762,374,0.0,0.0
31,2026-03-16,EPtask-31-2026-03-16-1.mat,1,10,6,1 2 3 4 5 6,373.7343656938654,373.9174020758886,0.9010675217577734,372.51655629139077,376.2376237623762,374,0.0,0.0
31,2026-03-16,EPtask-31-2026-03-16-2.mat,1,6,6,1 2 3 4 5 6,373.6803696601195,373.79500436663164,0.9115824601566069,372.51655629139077,376.2376237623762,374,0.0,0.0
31,2026-03-16,EPtask-31-2026-03-16.mat,1,6,6,1 2 3 4 5 6,373.6803696601195,373.79500436663164,0.9115824601566069,372.51655629139077,376.2376237623762,374,0.0,0.0
35,2025-07-18,EPtask-35-2025-07-18-1.mat,1,9,6,1 2 3 4 5 6,373.4437985116896,373.2188762281496,0.6191152531158648,371.28712871287127,373.9272578667756,373,0.0,0.0
35,2025-07-18,EPtask-35-2025-07-18-2.mat,1,17,6,1 2 3 4 5 6,373.4437985116896,373.1891810392455,0.7301064567013765,371.28712871287127,373.9272578667756,373,0.0,0.0
35,2025-07-18,EPtask-35-2025-07-18-3.mat,1,6,6,1 2 3 4 5 6,373.4437985116896,373.1902199443357,0.7332486794324317,371.28712871287127,373.9272578667756,373,0.0,0.0
35,2025-07-18,EPtask-35-2025-07-18-4.mat,1,15,6,1 2 3 4 5 6,373.4437985116896,373.1521093033585,0.7654688577701875,371.28712871287127,373.9272578667756,373,0.0,0.0
35,2025-07-18,EPtask-35-2025-07-18-5.mat,1,6,6,1 2 3 4 5 6,373.4437985116896,373.19021994433564,0.7332486794324318,371.28712871287127,373.9272578667756,373,0.0,0.0
35,2025-07-18,EPtask-35-2025-07-18.mat,1,8,6,1 2 3 4 5 6,373.4437985116896,373.23385442351014,0.6468921386572096,371.28712871287127,373.9272578667756,373,0.0,0.0
35,2026-03-20,EPtask-35-2026-03-20-1.mat,1,7,6,1 2 3 4 5 6,373.6803696601195,373.79489717559215,0.8473900319572916,372.51655629139077,376.2376237623762,374,0.0,0.0
35,2026-03-20,EPtask-35-2026-03-20-2.mat,1,1,1,2,373.18210604303493,373.18210604303493,0.40813612879557454,372.89351021871636,373.4707018673535,373,0.0,0.0
35,2026-03-20,EPtask-35-2026-03-20-3.mat,1,5,5,1 2 3 4 5,373.792830298896,373.849678361718,0.9966339481376923,372.51655629139077,376.2376237623762,374,0.0,0.0
35,2026-03-20,EPtask-35-2026-03-20-4.mat,1,8,6,1 2 3 4 5 6,373.6803696601195,373.78716573936936,0.7977966011149792,372.51655629139077,376.2376237623762,374,0.0,0.0
35,2026-03-20,EPtask-35-2026-03-20-5.mat,1,3,3,2 4 6,373.54853774686353,373.5698019194001,0.4518700951621049,372.89351021871636,374.276964954066,374,0.0,0.0
35,2026-03-20,EPtask-35-2026-03-20-6.mat,1,2,2,3 6,373.55455002513827,373.65794421027726,0.31110608040511606,373.4168951560256,374.1057816348071,374,0.0,0.0
35,2026-03-20,EPtask-35-2026-03-20-7.mat,1,15,6,1 2 3 4 5 6,373.6803696601195,373.76813851972906,0.8222737708982139,372.51655629139077,376.2376237623762,374,0.0,0.0
35,2026-03-20,EPtask-35-2026-03-20-8.mat,1,7,6,1 2 3 4 5 6,373.55455002513827,373.7074474632606,0.8749217657108479,372.51655629139077,376.2376237623762,374,0.0,0.0
35,2026-03-20,EPtask-35-2026-03-20.mat,1,3,3,2 4 6,373.54853774686353,373.5698019194001,0.4518700951621049,372.89351021871636,374.276964954066,374,0.0,0.0
35,2026-03-21,EPtask-35-2026-03-21.mat,1,8,6,1 2 3 4 5 6,373.4437985116896,373.2234725012888,0.6504637134951733,371.28712871287127,373.9272578667756,373,0.0,0.0
37,2026-03-20,EPtask-37-2026-03-20-1.mat,1,4,4,1 3 4 5,373.8892763853511,374.0165714413888,1.0459995860362925,372.51655629139077,376.2376237623762,374,0.0,0.0
37,2026-03-20,EPtask-37-2026-03-20-2.mat,1,2,2,2 4,373.60253378060946,373.5938856835003,0.5750454960031551,372.89351021871636,374.276964954066,374,0.0,0.0
37,2026-03-20,EPtask-37-2026-03-20-3.mat,1,5,5,1 2 3 4 5,373.792830298896,373.849678361718,0.9966339481376922,372.51655629139077,376.2376237623762,374,0.0,0.0
37,2026-03-20,EPtask-37-2026-03-20-4.mat,1,2,2,1 5,373.8892763853511,374.1331832061173,1.5453175398107712,372.51655629139077,376.2376237623762,374,0.0,0.0
37,2026-03-20,EPtask-37-2026-03-20-5.mat,1,8,6,1 2 3 4 5 6,373.55455002513827,373.71829828402247,0.8229471859223207,372.51655629139077,376.2376237623762,374,0.0,0.0
37,2026-03-20,EPtask-37-2026-03-20-6.mat,1,6,6,1 2 3 4 5 6,373.6803696601195,373.79500436663164,0.9115824601566069,372.51655629139077,376.2376237623762,374,0.0,0.0
37,2026-03-20,EPtask-37-2026-03-20.mat,1,8,6,1 2 3 4 5 6,373.55455002513827,373.68422082925304,0.8178715153910043,372.51655629139077,376.2376237623762,374,0.0,0.0
37,2026-03-21,EPtask-37-2026-03-21-1.mat,1,5,5,2 3 4 5 6,373.4437985116896,373.19147881367104,0.7470929748599905,371.28712871287127,373.9272578667756,373,0.0,0.0
37,2026-03-21,EPtask-37-2026-03-21-2.mat,1,2,2,2 4,373.3067471001733,373.31034252823207,0.3684802142214343,372.89351021871636,373.7343656938654,373,0.0,0.0
37,2026-03-21,EPtask-37-2026-03-21-3.mat,1,1,1,6,373.5216343911996,373.5216343911996,0.14812364689566812,373.4168951560256,373.6263736263736,373,0.0,0.0
37,2026-03-21,EPtask-37-2026-03-21-4.mat,1,6,6,1 2 3 4 5 6,373.4437985116896,373.19021994433564,0.7332486794324318,371.28712871287127,373.9272578667756,373,0.0,0.0
37,2026-03-21,EPtask-37-2026-03-21.mat,1,3,3,2 3 4,373.3067471001733,373.2761887957774,0.3383520014529159,372.89351021871636,373.7343656938654,373,0.0,0.0
37,2026-03-22,EPtask-37-2026-03-22-1.mat,1,5,5,2 3 4 5 6,373.4437985116896,373.19147881367104,0.7470929748599905,371.28712871287127,373.9272578667756,373,0.0,0.0
37,2026-03-22,EPtask-37-2026-03-22-2.mat,1,6,6,1 2 3 4 5 6,373.4437985116896,373.19021994433564,0.7332486794324318,371.28712871287127,373.9272578667756,373,0.0,0.0
37,2026-03-22,EPtask-37-2026-03-22-3.mat,1,6,6,1 2 3 4 5 6,373.4437985116896,373.19021994433564,0.7332486794324318,371.28712871287127,373.9272578667756,373,0.0,0.0
37,2026-03-22,EPtask-37-2026-03-22.mat,1,6,6,1 2 3 4 5 6,373.4437985116896,373.1902199443357,0.7332486794324318,371.28712871287127,373.9272578667756,373,0.0,0.0
39,2026-03-20,EPtask-39-2026-03-20-1.mat,1,2,2,1 3,373.20788133086785,373.1959034642632,0.5894678700266707,372.51655629139077,373.8512949039265,373,0.0,0.0
39,2026-03-20,EPtask-39-2026-03-20-2.mat,1,6,6,1 2 3 4 5 6,373.4437985116896,373.1902199443357,0.7332486794324317,371.28712871287127,373.9272578667756,373,0.0,0.0
39,2026-03-20,EPtask-39-2026-03-20-3.mat,1,7,6,1 2 3 4 5 6,373.4437985116896,373.1927429995545,0.6830814943472578,371.28712871287127,373.9272578667756,373,0.0,0.0
39,2026-03-20,EPtask-39-2026-03-20-4.mat,1,8,6,1 2 3 4 5 6,373.4437985116896,373.23063251253103,0.6478877233214583,371.28712871287127,373.9272578667756,373,0.0,0.0
39,2026-03-20,EPtask-39-2026-03-20-5.mat,1,9,6,1 2 3 4 5 6,373.4437985116896,373.12650003663776,0.7793095439367146,371.28712871287127,373.9272578667756,373,0.0,0.0
39,2026-03-20,EPtask-39-2026-03-20.mat,1,3,3,3 4 6,373.4498107899642,373.3893649118322,0.30123308317745773,372.9330362378328,373.7343656938654,373,0.0,0.0
39,2026-03-21,EPtask-39-2026-03-21-1.mat,1,9,6,1 2 3 4 5 6,373.6803696601195,373.8698696763061,0.9742498190949064,372.51655629139077,376.2376237623762,374,0.0,0.0
39,2026-03-21,EPtask-39-2026-03-21.mat,1,14,6,1 2 3 4 5 6,373.6803696601195,373.86743768609676,0.9484879935900702,372.51655629139077,376.2376237623762,374,0.0,0.0
39,2026-03-22,EPtask-39-2026-03-22-1.mat,1,1,1,4,374.0056653239657,374.0056653239657,0.3836756163546305,373.7343656938654,374.276964954066,374,0.0,0.0
39,2026-03-22,EPtask-39-2026-03-22-2.mat,1,9,6,1 2 3 4 5 6,373.6803696601195,373.68241368493875,0.8297431729282698,372.51655629139077,376.2376237623762,374,0.0,0.0
39,2026-03-22,EPtask-39-2026-03-22-3.mat,1,7,6,1 2 3 4 5 6,373.792830298896,373.97892385919516,1.0616068946017456,372.51655629139077,376.2376237623762,374,0.0,0.0
39,2026-03-22,EPtask-39-2026-03-22-4.mat,1,7,6,1 2 3 4 5 6,373.6803696601195,373.79489717559215,0.8473900319572916,372.51655629139077,376.2376237623762,374,0.0,0.0
39,2026-03-22,EPtask-39-2026-03-22-5.mat,1,13,6,1 2 3 4 5 6,373.6803696601195,373.74799830747986,0.8913308273091043,372.51655629139077,376.2376237623762,374,0.0,0.0
39,2026-03-22,EPtask-39-2026-03-22.mat,1,15,6,1 2 3 4 5 6,373.7343656938654,373.87665286195465,0.9186359631676912,372.51655629139077,376.2376237623762,374,0.0,0.0
41,2026-03-20,EPtask-41-2026-03-20-1.mat,1,12,6,1 2 3 4 5 6,373.6803696601195,373.79500436663164,0.8915452339626232,372.51655629139077,376.2376237623762,374,0.0,0.0
41,2026-03-20,EPtask-41-2026-03-20-2.mat,1,6,6,1 2 3 4 5 6,373.6803696601195,373.79500436663164,0.9115824601566069,372.51655629139077,376.2376237623762,374,0.0,0.0
41,2026-03-20,EPtask-41-2026-03-20.mat,1,4,4,3 4 5 6,373.8308117803205,374.10099863977405,0.9131019753181787,373.4168951560256,376.2376237623762,374,0.0,0.0
41,2026-03-21,EPtask-41-2026-03-21-1.mat,1,9,6,1 2 3 4 5 6,373.6803696601195,373.75022795512723,0.7841310890554211,372.51655629139077,376.2376237623762,374,0.0,0.0
41,2026-03-21,EPtask-41-2026-03-21-2.mat,1,6,6,1 2 3 4 5 6,373.6803696601195,373.79500436663164,0.911582460156607,372.51655629139077,376.2376237623762,374,0.0,0.0
41,2026-03-21,EPtask-41-2026-03-21.mat,1,8,6,1 2 3 4 5 6,373.6803696601195,373.87932163217505,1.0304951007015568,372.51655629139077,376.2376237623762,374,0.0,0.0
41,2026-03-22,EPtask-41-2026-03-22-1.mat,1,6,6,1 2 3 4 5 6,373.6803696601195,373.79500436663164,0.911582460156607,372.51655629139077,376.2376237623762,374,0.0,0.0
41,2026-03-22,EPtask-41-2026-03-22-2.mat,1,12,6,1 2 3 4 5 6,373.6803696601195,373.79500436663164,0.8915452339626232,372.51655629139077,376.2376237623762,374,0.0,0.0
41,2026-03-22,EPtask-41-2026-03-22.mat,1,7,6,1 2 3 4 5 6,373.6803696601195,373.79489717559215,0.8473900319572917,372.51655629139077,376.2376237623762,374,0.0,0.0
43,2026-03-24,EPtask-43-2026-03-24.mat,1,6,6,1 2 3 4 5 6,373.6803696601195,373.79500436663164,0.9115824601566069,372.51655629139077,376.2376237623762,374,0.0,0.0
43,2026-03-25,EPtask-43-2026-03-25.mat,1,6,6,1 2 3 4 5 6,373.4437985116896,373.1902199443357,0.7332486794324317,371.28712871287127,373.9272578667756,373,0.0,0.0
43,2026-03-26,EPtask-43-2026-03-26-1.mat,1,6,6,1 2 3 4 5 6,373.6803696601195,373.79500436663164,0.911582460156607,372.51655629139077,376.2376237623762,374,0.0,0.0
43,2026-03-26,EPtask-43-2026-03-26-2.mat,1,6,6,1 2 3 4 5 6,373.6803696601195,373.79500436663164,0.9115824601566069,372.51655629139077,376.2376237623762,374,0.0,0.0
43,2026-03-26,EPtask-43-2026-03-26.mat,1,6,6,1 2 3 4 5 6,373.6803696601195,373.79500436663164,0.9115824601566069,372.51655629139077,376.2376237623762,374,0.0,0.0
45,2026-03-24,EPtask-45-2026-03-24-1.mat,1,1,1,1,373.18392559765863,373.18392559765863,0.9438027240355287,372.51655629139077,373.8512949039265,373,0.0,0.0
45,2026-03-24,EPtask-45-2026-03-24-10.mat,1,1,1,4,374.0056653239657,374.0056653239657,0.3836756163546305,373.7343656938654,374.276964954066,374,0.0,0.0
45,2026-03-24,EPtask-45-2026-03-24-11.mat,1,6,6,1 2 3 4 5 6,373.6803696601195,373.79500436663164,0.9115824601566069,372.51655629139077,376.2376237623762,374,0.0,0.0
45,2026-03-24,EPtask-45-2026-03-24-2.mat,1,1,1,3,373.794254029355,373.794254029355,0.4405665646839931,373.4827264239029,374.1057816348071,374,0.0,0.0
45,2026-03-24,EPtask-45-2026-03-24-3.mat,1,3,3,2 3 4,373.60854605888414,373.6606751321185,0.49792787242706443,372.89351021871636,374.276964954066,374,0.0,0.0
45,2026-03-24,EPtask-45-2026-03-24-4.mat,1,3,3,1 3 4,373.792830298896,373.66128165032643,0.6261582223279039,372.51655629139077,374.276964954066,374,0.0,0.0
45,2026-03-24,EPtask-45-2026-03-24-5.mat,1,4,4,2 3 5 6,373.55455002513827,373.89510881954135,1.0132747493877128,372.89351021871636,376.2376237623762,374,0.0,0.0
45,2026-03-24,EPtask-45-2026-03-24-6.mat,1,1,1,2,373.18210604303493,373.18210604303493,0.40813612879557454,372.89351021871636,373.4707018673535,373,0.0,0.0
45,2026-03-24,EPtask-45-2026-03-24-7.mat,1,4,4,1 2 4 5,373.792830298896,373.8635344448088,1.1172500998793256,372.51655629139077,376.2376237623762,374,0.0,0.0
45,2026-03-24,EPtask-45-2026-03-24-8.mat,1,5,5,2 3 4 5 6,373.6803696601195,373.9172201204262,0.9039323590651064,372.89351021871636,376.2376237623762,374,0.0,0.0
45,2026-03-24,EPtask-45-2026-03-24-9.mat,1,5,5,1 2 3 4 6,373.55455002513827,373.53751707704276,0.5264061438503829,372.51655629139077,374.276964954066,374,0.0,0.0
45,2026-03-24,EPtask-45-2026-03-24.mat,1,14,6,1 2 3 4 5 6,373.7343656938654,373.8869105173936,0.9471807795298409,372.51655629139077,376.2376237623762,374,0.0,0.0
45,2026-03-25,EPtask-45-2026-03-25-1.mat,1,2,2,3 6,373.55455002513827,373.65794421027726,0.31110608040511606,373.4168951560256,374.1057816348071,374,0.0,0.0
45,2026-03-25,EPtask-45-2026-03-25-2.mat,1,6,6,1 2 3 4 5 6,373.6803696601195,373.79500436663164,0.911582460156607,372.51655629139077,376.2376237623762,374,0.0,0.0
45,2026-03-25,EPtask-45-2026-03-25.mat,1,1,1,5,375.0824408145759,375.0824408145759,1.6336753918012934,373.9272578667756,376.2376237623762,374,0.0,0.0
45,2026-03-26,EPtask-45-2026-03-26-1.mat,1,3,3,4 5 6,373.8308117803205,374.2032468432471,1.0383905759076613,373.4168951560256,376.2376237623762,374,0.0,0.0
45,2026-03-26,EPtask-45-2026-03-26-2.mat,1,4,4,2 3 4 5,373.8308117803205,374.01611655273285,0.9957540287351518,372.89351021871636,376.2376237623762,374,0.0,0.0
45,2026-03-26,EPtask-45-2026-03-26-3.mat,1,5,5,1 2 3 4 6,373.55455002513827,373.53751707704276,0.5264061438503828,372.51655629139077,374.276964954066,374,0.0,0.0
45,2026-03-26,EPtask-45-2026-03-26-4.mat,1,5,5,1 2 4 5 6,373.6803696601195,373.79515443408695,0.9970349458483257,372.51655629139077,376.2376237623762,374,0.0,0.0
45,2026-03-26,EPtask-45-2026-03-26-5.mat,1,5,5,2 3 4 5 6,373.6803696601195,373.91722012042624,0.9039323590651064,372.89351021871636,376.2376237623762,374,0.0,0.0
45,2026-03-26,EPtask-45-2026-03-26-6.mat,1,6,6,1 2 3 4 5 6,373.6803696601195,373.79500436663164,0.9115824601566068,372.51655629139077,376.2376237623762,374,0.0,0.0
45,2026-03-26,EPtask-45-2026-03-26-7.mat,1,6,6,1 2 3 4 5 6,373.6803696601195,373.79500436663164,0.9115824601566069,372.51655629139077,376.2376237623762,374,0.0,0.0
45,2026-03-26,EPtask-45-2026-03-26-8.mat,1,6,6,1 2 3 4 5 6,373.6803696601195,373.79500436663164,0.911582460156607,372.51655629139077,376.2376237623762,374,0.0,0.0
45,2026-03-26,EPtask-45-2026-03-26.mat,1,3,3,2 3 4,373.60854605888414,373.6606751321185,0.49792787242706443,372.89351021871636,374.276964954066,374,0.0,0.0
47,2026-03-24,EPtask-47-2026-03-24-1.mat,1,6,6,1 2 3 4 5 6,373.4437985116896,373.19021994433564,0.7332486794324318,371.28712871287127,373.9272578667756,373,0.0,0.0
47,2026-03-24,EPtask-47-2026-03-24-2.mat,1,10,6,1 2 3 4 5 6,373.4437985116896,373.155312360996,0.7749598901894118,371.28712871287127,373.9272578667756,373,0.0,0.0
47,2026-03-24,EPtask-47-2026-03-24-3.mat,1,6,6,1 2 3 4 5 6,373.4437985116896,373.1902199443357,0.7332486794324317,371.28712871287127,373.9272578667756,373,0.0,0.0
47,2026-03-24,EPtask-47-2026-03-24.mat,1,1,1,3,373.20788133086785,373.20788133086785,0.3886896581218287,372.9330362378328,373.4827264239029,373,0.0,0.0
47,2026-03-25,EPtask-47-2026-03-25-1.mat,1,16,6,1 2 3 4 5 6,373.4437985116896,373.17509089918457,0.7305777308134068,371.28712871287127,373.9272578667756,373,0.0,0.0
47,2026-03-25,EPtask-47-2026-03-25.mat,1,7,6,1 2 3 4 5 6,373.4437985116896,373.1927429995546,0.6830814943472577,371.28712871287127,373.9272578667756,373,0.0,0.0
47,2026-03-26,EPtask-47-2026-03-26-1.mat,1,5,5,2 3 4 5 6,373.4437985116896,373.19147881367104,0.7470929748599905,371.28712871287127,373.9272578667756,373,0.0,0.0
47,2026-03-26,EPtask-47-2026-03-26-10.mat,1,6,6,1 2 3 4 5 6,373.4437985116896,373.1902199443357,0.7332486794324318,371.28712871287127,373.9272578667756,373,0.0,0.0
47,2026-03-26,EPtask-47-2026-03-26-2.mat,1,1,1,4,373.43857901342926,373.43857901342926,0.41830553504216234,373.14279233299305,373.7343656938654,373,0.0,0.0
47,2026-03-26,EPtask-47-2026-03-26-3.mat,1,4,4,1 3 4 6,373.4498107899642,373.3380050832888,0.44845423426509473,372.51655629139077,373.8512949039265,373,0.0,0.0
47,2026-03-26,EPtask-47-2026-03-26-4.mat,1,6,6,1 2 3 4 5 6,373.4437985116896,373.19021994433564,0.7332486794324318,371.28712871287127,373.9272578667756,373,0.0,0.0
47,2026-03-26,EPtask-47-2026-03-26-5.mat,1,3,3,2 3 4,373.3067471001733,373.2761887957774,0.3383520014529159,372.89351021871636,373.7343656938654,373,0.0,0.0
47,2026-03-26,EPtask-47-2026-03-26-6.mat,1,7,6,1 2 3 4 5 6,373.4437985116896,373.10693042226245,0.8762705499117424,371.28712871287127,373.9272578667756,373,0.0,0.0
47,2026-03-26,EPtask-47-2026-03-26-7.mat,1,7,6,1 2 3 4 5 6,373.4437985116896,373.18906081557833,0.6839296997773329,371.28712871287127,373.9272578667756,373,0.0,0.0
47,2026-03-26,EPtask-47-2026-03-26-8.mat,1,3,3,1 2 4,373.3067471001733,373.26820355137426,0.5136934703035249,372.51655629139077,373.8512949039265,373,0.0,0.0
47,2026-03-26,EPtask-47-2026-03-26-9.mat,1,7,6,1 2 3 4 5 6,373.4437985116896,373.22569981134905,0.6903126586134971,371.28712871287127,373.9272578667756,373,0.0,0.0
47,2026-03-26,EPtask-47-2026-03-26.mat,1,11,6,1 2 3 4 5 6,373.4437985116896,373.19079215766993,0.7216888178713556,371.28712871287127,373.9272578667756,373,0.0,0.0
49,2025-07-18,EPtask-49-2025-07-18-1.mat,1,3,3,4 5 6,373.5216343911996,373.18913556481743,0.9700443020931091,371.28712871287127,373.9272578667756,373,0.0,0.0
49,2025-07-18,EPtask-49-2025-07-18-2.mat,1,2,2,2 4,373.3067471001733,373.31034252823207,0.3684802142214343,372.89351021871636,373.7343656938654,373,0.0,0.0
49,2025-07-18,EPtask-49-2025-07-18-3.mat,1,6,6,1 2 3 4 5 6,373.4437985116896,373.19021994433564,0.7332486794324317,371.28712871287127,373.9272578667756,373,0.0,0.0
49,2025-07-18,EPtask-49-2025-07-18-4.mat,1,6,6,1 2 3 4 5 6,373.4437985116896,373.19021994433564,0.7332486794324318,371.28712871287127,373.9272578667756,373,0.0,0.0
49,2025-07-18,EPtask-49-2025-07-18-5.mat,1,9,6,1 2 3 4 5 6,373.4437985116896,373.2188762281495,0.6191152531158648,371.28712871287127,373.9272578667756,373,0.0,0.0
49,2025-07-18,EPtask-49-2025-07-18.mat,1,10,6,1 2 3 4 5 6,373.4437985116896,373.2491520444545,0.5939650870118173,371.28712871287127,373.9272578667756,373,0.0,0.0
49,2026-03-24,EPtask-49-2026-03-24-1.mat,1,1,1,5,375.0824408145759,375.0824408145759,1.6336753918012934,373.9272578667756,376.2376237623762,374,0.0,0.0
49,2026-03-24,EPtask-49-2026-03-24-2.mat,1,14,6,1 2 3 4 5 6,373.6263736263736,373.77542434429535,0.8308047227566201,372.51655629139077,376.2376237623762,374,0.0,0.0
49,2026-03-24,EPtask-49-2026-03-24-3.mat,1,8,6,1 2 3 4 5 6,373.792830298896,373.9558401304651,0.9968249139532317,372.51655629139077,376.2376237623762,374,0.0,0.0
49,2026-03-24,EPtask-49-2026-03-24.mat,1,1,1,4,374.0056653239657,374.0056653239657,0.3836756163546305,373.7343656938654,374.276964954066,374,0.0,0.0
49,2026-03-25,EPtask-49-2026-03-25-1.mat,1,9,6,1 2 3 4 5 6,373.7343656938654,373.9310851921701,0.9455384714803129,372.51655629139077,376.2376237623762,374,0.0,0.0
49,2026-03-25,EPtask-49-2026-03-25-2.mat,1,10,6,1 2 3 4 5 6,373.6263736263736,373.8350461477955,0.9283825422321544,372.51655629139077,376.2376237623762,374,0.0,0.0
49,2026-03-25,EPtask-49-2026-03-25-3.mat,1,15,6,1 2 3 4 5 6,373.6803696601195,373.8399235524364,0.9343433824496081,372.51655629139077,376.2376237623762,374,0.0,0.0
49,2026-03-25,EPtask-49-2026-03-25.mat,1,5,5,2 3 4 5 6,373.6803696601195,373.91722012042624,0.9039323590651065,372.89351021871636,376.2376237623762,374,0.0,0.0
